period,year0,name,alpha3,b,d,net
1990--1995,1990,Burundi,BDI,1370.436,521.302,-302.498
1990--1995,1990,Comoros,COM,90.496,23.7,-3
1990--1995,1990,Djibouti,DJI,118.584,33.592,-45
1990--1995,1990,Eritrea,ERI,610.675,233.825,-400.002
1990--1995,1990,Ethiopia,ETH,12302.081,4553.99,1475.274
1990--1995,1990,Kenya,KEN,5098.98,1376.601,221.569
1990--1995,1990,Madagascar,MDG,2767.059,880.794,-9.5
1990--1995,1990,Malawi,MWI,2281.997,871.555,-938.9
1990--1995,1990,Mauritius,MUS,111.518,33.096,-5.611
1990--1995,1990,Mayotte,MYT,19.678,2.01,10.734
1990--1995,1990,Mozambique,MOZ,3332.082,1470.6,650
1990--1995,1990,Reunion,REU,70.601,17.23,9.589
1990--1995,1990,Rwanda,RWA,1475.584,1435.434,-1347.866
1990--1995,1990,Seychelles,SYC,8.143,2.692,0.625
1990--1995,1990,Somalia,SOM,1869.581,755.819,-806.214
1990--1995,1990,South Sudan,SSD,1307.696,540.657,-1076
1990--1995,1990,Uganda,UGA,4760.607,1769.221,119.995
1990--1995,1990,United Republic of Tanzania,TZA,6003.173,2093.287,591.285
1990--1995,1990,Zambia,ZMB,1931.032,798.256,-22.952
1990--1995,1990,Zimbabwe,ZWE,1922.075,584.837,-199.997
1990--1995,1990,Angola,AGO,3427.399,1472.656,142.811
1990--1995,1990,Cameroon,CMR,2745.388,951.614,-48
1990--1995,1990,Central African Republic,CAF,638.627,275.642,50
1990--1995,1990,Chad,TCD,1661.802,607.569,-10.374
1990--1995,1990,Congo,COG,499.23,162.962,22.53
1990--1995,1990,Democratic Republic of the Congo,COD,8781.9,3103.145,1302.404
1990--1995,1990,Equatorial Guinea,GNQ,96.813,38.787,20.004
1990--1995,1990,Gabon,GAB,184.976,56.048,4.999
1990--1995,1990,Sao Tome and Principe,STP,24.025,5.864,-5.599
1990--1995,1990,Algeria,DZA,3950.963,830.348,-128.679
1990--1995,1990,Egypt,EGY,9129.037,2366.466,-460.404
1990--1995,1990,Libya,LBY,622.569,114.401,3.965
1990--1995,1990,Morocco,MAR,3563.336,900.611,-466.627
1990--1995,1990,Sudan,SDN,4602.168,1300.259,653.484
1990--1995,1990,Tunisia,TUN,991.884,251.05,140.341
1990--1995,1990,Western Sahara,ESH,37.129,10.751,12
1990--1995,1990,Botswana,BWA,235.136,61.82,17.864
1990--1995,1990,Lesotho,LSO,288.48,84.719,-46.345
1990--1995,1990,Namibia,NAM,283.172,65.999,23.492
1990--1995,1990,South Africa,ZAF,5428.553,1640.416,739.5
1990--1995,1990,Swaziland,SWZ,179.883,42.223,-38.243
1990--1995,1990,Benin,BEN,1231.625,372.822,68.259
1990--1995,1990,Burkina Faso,BFA,2227.497,798.653,-150.001
1990--1995,1990,Cabo Verde,CPV,67.996,14.385,-6.376
1990--1995,1990,Cote d'Ivoire,CIV,2847.68,949.618,375
1990--1995,1990,Gambia,GMB,232.435,68.224,-14.801
1990--1995,1990,Ghana,GHA,2959.155,810.657,-16.285
1990--1995,1990,Guinea,GIN,1591.312,561.233,800
1990--1995,1990,Guinea-Bissau,GNB,242.375,87.537,-29.999
1990--1995,1990,Liberia,LBR,460.103,183.859,-300
1990--1995,1990,Mali,MLI,2210.745,897.993,-173.489
1990--1995,1990,Mauritania,MRT,439.198,112.272,-29.997
1990--1995,1990,Niger,NER,2415.536,948.383,-2.679
1990--1995,1990,Nigeria,NGA,22231.869,9394.617,-95.769
1990--1995,1990,Senegal,SEN,1713.061,452.062,-70.008
1990--1995,1990,Sierra Leone,SLE,1002.95,590.366,-450
1990--1995,1990,Togo,TGO,821.69,239.603,-95
1990--1995,1990,China,CHN,109689.675,40375.938,-902.123
1990--1995,1990,"China, Hong Kong SAR",HKG,368.455,166.299,156.486
1990--1995,1990,"China, Macao SAR",MAC,27.556,7.659,21.845
1990--1995,1990,Dem. People's Republic of Korea,PRK,2180.41,611.165,0
1990--1995,1990,Japan,JPN,6170.188,4356.569,46.286
1990--1995,1990,Mongolia,MNG,307.883,105.558,-88.432
1990--1995,1990,Republic of Korea,KOR,3530.116,1226.138,71.504
1990--1995,1990,Kazakhstan,KAZ,1680.2,773.763,-1411.744
1990--1995,1990,Kyrgyzstan,KGZ,655.033,185.586,-276.249
1990--1995,1990,Tajikistan,TJK,1034.029,263.789,-289.263
1990--1995,1990,Turkmenistan,TKM,650.265,170.025,43.633
1990--1995,1990,Uzbekistan,UZB,3539.669,816.09,-322.777
1990--1995,1990,Afghanistan,AFG,3570.874,1047.923,2327.473
1990--1995,1990,Bangladesh,BGD,18554.837,5238.449,-798.161
1990--1995,1990,Bhutan,BTN,94.529,31.045,-85.887
1990--1995,1990,India,IND,137429.722,46527.474,-552.935
1990--1995,1990,Iran (Islamic Republic of),IRN,8194.74,1749.273,-2096.003
1990--1995,1990,Maldives,MDV,42.867,8.933,-3.072
1990--1995,1990,Nepal,NPL,3737.156,1166.251,76.064
1990--1995,1990,Pakistan,PAK,22030.546,5876.289,-1003.727
1990--1995,1990,Sri Lanka,LKA,1759.548,586.365,-255.78
1990--1995,1990,Brunei Darussalam,BRN,39.36,4.814,3.868
1990--1995,1990,Cambodia,KHM,1865.061,594.26,409.414
1990--1995,1990,Indonesia,IDN,23112.569,7209.722,-381.823
1990--1995,1990,Lao People's Democratic Republic,LAO,945.06,291.042,-60.567
1990--1995,1990,Malaysia,MYS,2619.215,460.749,298.812
1990--1995,1990,Myanmar,MMR,5389.873,2078.344,-699.993
1990--1995,1990,Philippines,PHL,10513.288,2120.037,-504.878
1990--1995,1990,Singapore,SGP,285.5,68.608,248.927
1990--1995,1990,Thailand,THA,5273.504,1757.002,-607.538
1990--1995,1990,Timor-Leste,TLS,183.029,59.328,-4.186
1990--1995,1990,Viet Nam,VNM,9581.913,2198.306,-394.236
1990--1995,1990,Armenia,ARM,323.742,148.274,-496.288
1990--1995,1990,Azerbaijan,AZE,977.618,329.846,-115.116
1990--1995,1990,Bahrain,BHR,70.772,8.484,5.48
1990--1995,1990,Cyprus,CYP,73.595,28.012,43.195
1990--1995,1990,Georgia,GEO,406.7,252.939,-544.069
1990--1995,1990,Iraq,IRQ,3500.734,607.324,-154.026
1990--1995,1990,Israel,ISR,526.455,150.133,456.923
1990--1995,1990,Jordan,JOR,695.946,96.096,412.472
1990--1995,1990,Kuwait,KWT,188.847,22.814,-655
1990--1995,1990,Lebanon,LBN,334.796,94.414,90
1990--1995,1990,Oman,OMN,335.636,48.216,104.7
1990--1995,1990,Qatar,QAT,52.352,5.204,-10.132
1990--1995,1990,Saudi Arabia,SAU,2918.243,399.212,-110
1990--1995,1990,State of Palestine,PSE,538.445,56.625,35.001
1990--1995,1990,Syrian Arab Republic,SYR,2251.222,281.9,-70
1990--1995,1990,Turkey,TUR,6872.599,2187.916,-119.998
1990--1995,1990,United Arab Emirates,ARE,247.131,26.611,368.126
1990--1995,1990,Yemen,YEM,3397.651,749.033,615
1990--1995,1990,Belarus,BLR,613.481,624.961,-63.057
1990--1995,1990,Bulgaria,BGR,453.92,559.642,-356.464
1990--1995,1990,Czech Republic,CZE,598.5,611.21,29.999
1990--1995,1990,Hungary,HUN,606.504,734.292,99.98
1990--1995,1990,Poland,POL,2612.757,1954.679,-159.999
1990--1995,1990,Republic of Moldova,MDA,341.628,234.707,-131.953
1990--1995,1990,Romania,ROU,1315.764,1320.027,-520.001
1990--1995,1990,Russian Federation,RUS,8025.209,9820.161,2519.717
1990--1995,1990,Slovakia,SVK,370.251,268.127,-15.108
1990--1995,1990,Ukraine,UKR,2857.65,3490.746,74.421
1990--1995,1990,Channel Islands,CHI,8.765,7.504,2.12
1990--1995,1990,Denmark,DNK,332.439,306.317,65.466
1990--1995,1990,Estonia,EST,83.894,104.238,-111.876
1990--1995,1990,Finland,FIN,325.476,249.918,47.223
1990--1995,1990,Iceland,ISL,22.501,8.861,-1.054
1990--1995,1990,Ireland,IRL,247.51,154.573,-10.648
1990--1995,1990,Latvia,LVA,146.325,185.817,-116.474
1990--1995,1990,Lithuania,LTU,247.542,216.671,-100.301
1990--1995,1990,Norway,NOR,299.766,226.961,46.903
1990--1995,1990,Sweden,SWE,589.201,476.619,156.46
1990--1995,1990,United Kingdom,GBR,3813.224,3223.681,205.443
1990--1995,1990,Albania,ALB,368.313,99.827,-443.212
1990--1995,1990,Bosnia and Herzegovina,BIH,284.645,177.874,-726.484
1990--1995,1990,Croatia,HRV,247.397,263.43,-143.579
1990--1995,1990,Greece,GRC,551.817,475.612,464.636
1990--1995,1990,Italy,ITA,2759.225,2783.973,152.825
1990--1995,1990,Malta,MLT,26.194,14.109,3.787
1990--1995,1990,Montenegro,MNE,48.663,22.998,-20.249
1990--1995,1990,Portugal,PRT,558.629,511.356,149.122
1990--1995,1990,Serbia,SRB,672.733,484.605,178.348
1990--1995,1990,Slovenia,SVN,100.099,97.647,-17.461
1990--1995,1990,Spain,ESP,1965.034,1699.902,319.27
1990--1995,1990,TFYR Macedonia,MKD,165.599,78.465,-100.107
1990--1995,1990,Austria,AUT,456.698,418.372,227.841
1990--1995,1990,Belgium,BEL,602.936,530.12,106.947
1990--1995,1990,France,FRA,3645.957,2668.419,303.416
1990--1995,1990,Germany,DEU,3967.812,4505.229,2659.698
1990--1995,1990,Luxembourg,LUX,25.816,19.495,20.04
1990--1995,1990,Netherlands,NLD,976.923,660.926,186.409
1990--1995,1990,Switzerland,CHE,411.782,315.561,247.406
1990--1995,1990,Antigua and Barbuda,ATG,6.708,2.406,2.617
1990--1995,1990,Aruba,ABW,6.463,2.502,14.218
1990--1995,1990,Bahamas,BHS,31.601,7.393,-0.395
1990--1995,1990,Barbados,BRB,20.421,12.57,-3.263
1990--1995,1990,Cuba,CUB,829.812,385.84,-120.006
1990--1995,1990,Curacao,CUW,13.521,4.792,-11.517
1990--1995,1990,Dominican Republic,DOM,1080.774,227.846,-144.154
1990--1995,1990,Grenada,GRD,12.176,4.286,-3.923
1990--1995,1990,Guadeloupe,GLP,34.531,12.789,-4.68
1990--1995,1990,Haiti,HTI,1324.024,463.95,-140.001
1990--1995,1990,Jamaica,JAM,302.593,88.199,-101.198
1990--1995,1990,Martinique,MTQ,29.943,12.917,-6.748
1990--1995,1990,Puerto Rico,PRI,314.461,142.502,-0.296
1990--1995,1990,Saint Lucia,LCA,18.626,4.96,-4.806
1990--1995,1990,Saint Vincent and the Grenadines,VCT,12.921,3.626,-8.682
1990--1995,1990,Trinidad and Tobago,TTO,112.005,46.935,-31.973
1990--1995,1990,United States Virgin Islands,VIR,11.161,2.907,-4.618
1990--1995,1990,Belize,BLZ,33.935,5.514,-9.011
1990--1995,1990,Costa Rica,CRI,411.829,66.1,69.202
1990--1995,1990,El Salvador,SLV,822.192,200.918,-265.152
1990--1995,1990,Guatemala,GTM,1902.85,390.707,-367.469
1990--1995,1990,Honduras,HND,999.482,167.76,-77.999
1990--1995,1990,Mexico,MEX,12305.32,2314.741,-1302.868
1990--1995,1990,Nicaragua,NIC,729.197,141.531,-120.001
1990--1995,1990,Panama,PAN,330.269,63.505,1.954
1990--1995,1990,Argentina,ARG,3608.661,1373.582,29.999
1990--1995,1990,Bolivia (Plurinational State of),BOL,1237.23,435.763,-90.997
1990--1995,1990,Brazil,BRA,18331.992,5387.525,0
1990--1995,1990,Chile,CHL,1419.272,378.447,13.65
1990--1995,1990,Colombia,COL,4493.331,1098.916,-223.998
1990--1995,1990,Ecuador,ECU,1555.193,313.702,-19
1990--1995,1990,French Guiana,GUF,20.032,2.864,4.45
1990--1995,1990,Guyana,GUY,106.408,30.554,-57.867
1990--1995,1990,Paraguay,PRY,718.093,139.931,-31.049
1990--1995,1990,Peru,PER,3292.748,786.646,-293.999
1990--1995,1990,Suriname,SUR,56.797,15.354,-5.195
1990--1995,1990,Uruguay,URY,288.027,153.207,-20
1990--1995,1990,Venezuela (Bolivarian Republic of),VEN,2876.901,549.617,-0.572
1990--1995,1990,Canada,CAN,1952.022,1013.392,698.764
1990--1995,1990,United States of America,USA,20024.604,11412.512,4516.808
1990--1995,1990,Australia,AUS,1296.231,611.995,351.078
1990--1995,1990,New Zealand,NZL,292.93,134.185,118.016
1990--1995,1990,Fiji,FJI,105.845,23.177,-35.796
1990--1995,1990,New Caledonia,NCL,21.722,5.214,4.435
1990--1995,1990,Papua New Guinea,PNG,792.978,209.766,-1.996
1990--1995,1990,Solomon Islands,SLB,65.092,16.736,-0.971
1990--1995,1990,Vanuatu,VUT,27.927,6.029,-0.295
1990--1995,1990,Guam,GUM,16.566,3.225,1.739
1990--1995,1990,Kiribati,KIR,13.336,3.422,-4.598
1990--1995,1990,Micronesia (Fed. States of),FSM,16.729,3.27,-2.234
1990--1995,1990,French Polynesia,PYF,26.706,5.552,-4.324
1990--1995,1990,Samoa,WSM,26.77,5.753,-13.724
1990--1995,1990,Tonga,TON,14.935,2.931,-11.082
1995--2000,1995,Burundi,BDI,1346.574,462.418,-445.502
1995--2000,1995,Comoros,COM,97.562,24.602,-6
1995--2000,1995,Djibouti,DJI,111.775,34.569,9.988
1995--2000,1995,Eritrea,ERI,571.287,198.648,-70
1995--2000,1995,Ethiopia,ETH,14086.119,4703.088,-155.577
1995--2000,1995,Kenya,KEN,5929.126,1803.714,-21.386
1995--2000,1995,Madagascar,MDG,3131.901,831.995,-8.5
1995--2000,1995,Malawi,MWI,2411.806,907.912,-36.82
1995--2000,1995,Mauritius,MUS,103.489,38.164,-8.858
1995--2000,1995,Mayotte,MYT,24.698,2.215,4.664
1995--2000,1995,Mozambique,MOZ,3840.589,1482.04,-50
1995--2000,1995,Reunion,REU,71.493,18.07,9.746
1995--2000,1995,Rwanda,RWA,1457.805,570.322,1210.134
1995--2000,1995,Seychelles,SYC,7.494,2.908,-0.135
1995--2000,1995,Somalia,SOM,2093.905,685.638,-101.684
1995--2000,1995,South Sudan,SSD,1356.341,515.203,400
1995--2000,1995,Uganda,UGA,5499.428,1964.709,-45.737
1995--2000,1995,United Republic of Tanzania,TZA,6750.299,2327.161,-205.874
1995--2000,1995,Zambia,ZMB,2218.221,903.527,79.445
1995--2000,1995,Zimbabwe,ZWE,1983.193,861.291,-219.998
1995--2000,1995,Angola,AGO,3819.154,1520.267,-126.955
1995--2000,1995,Cameroon,CMR,2995.771,1134.523,-48
1995--2000,1995,Central African Republic,CAF,714.207,336.982,25
1995--2000,1995,Chad,TCD,1963.835,691.44,69.444
1995--2000,1995,Congo,COG,587.635,210.463,49.302
1995--2000,1995,Democratic Republic of the Congo,COD,10202.423,3715.394,-1006.384
1995--2000,1995,Equatorial Guinea,GNQ,115.803,41.359,35.002
1995--2000,1995,Gabon,GAB,199.506,64.091,9.566
1995--2000,1995,Sao Tome and Principe,STP,26.596,6.151,-8.293
1995--2000,1995,Algeria,DZA,3245.908,802.137,-164.413
1995--2000,1995,Egypt,EGY,8633.702,2231.198,-210.899
1995--2000,1995,Libya,LBY,586.697,122.375,-57.368
1995--2000,1995,Morocco,MAR,3244.21,910.44,-559.38
1995--2000,1995,Sudan,SDN,5164.88,1384.326,-633.001
1995--2000,1995,Tunisia,TUN,880.313,258.289,-36.804
1995--2000,1995,Western Sahara,ESH,38.76,10.83,30.55
1995--2000,1995,Botswana,BWA,240.137,105.439,24.546
1995--2000,1995,Lesotho,LSO,301.968,120.193,-74.427
1995--2000,1995,Namibia,NAM,295.587,87.186,35.497
1995--2000,1995,South Africa,ZAF,5497.676,2171.024,313.5
1995--2000,1995,Swaziland,SWZ,173.232,60.557,-12
1995--2000,1995,Benin,BEN,1384.385,421.14,-2.851
1995--2000,1995,Burkina Faso,BFA,2531.724,876.157,-137.499
1995--2000,1995,Cabo Verde,CPV,65.109,13.715,-5.438
1995--2000,1995,Cote d'Ivoire,CIV,3246.612,1280.874,180
1995--2000,1995,Gambia,GMB,262.616,70.568,-26.418
1995--2000,1995,Ghana,GHA,3245.069,954.145,-112.636
1995--2000,1995,Guinea,GIN,1825.137,641.613,-246.148
1995--2000,1995,Guinea-Bissau,GNB,251.428,86.514,-58.803
1995--2000,1995,Liberia,LBR,539.635,178.595,450
1995--2000,1995,Mali,MLI,2504.034,998.842,-141.95
1995--2000,1995,Mauritania,MRT,491.688,122.397,13
1995--2000,1995,Niger,NER,2820.572,968.986,24.056
1995--2000,1995,Nigeria,NGA,24919.472,10483.904,-95.027
1995--2000,1995,Senegal,SEN,1865.987,518.683,-209.864
1995--2000,1995,Sierra Leone,SLE,1017.506,578.031,-150
1995--2000,1995,Togo,TGO,908.71,292.374,80
1995--2000,1995,China,CHN,86473.91100000001,41941.833000000006,-661.387
1995--2000,1995,"China, Hong Kong SAR",HKG,319.026,171.151,375.683
1995--2000,1995,"China, Macao SAR",MAC,22.433,8.006,27.867
1995--2000,1995,Dem. People's Republic of Korea,PRK,2130.302,1049.592,-13.932
1995--2000,1995,Japan,JPN,5981.276,4722.475,-100.333
1995--2000,1995,Mongolia,MNG,248.935,97.072,-52.463
1995--2000,1995,Republic of Korea,KOR,3188.441,1260.08,159.339
1995--2000,1995,Kazakhstan,KAZ,1252.906,905.512,-1324.984
1995--2000,1995,Kyrgyzstan,KGZ,568.93,187.032,-27.268
1995--2000,1995,Tajikistan,TJK,980.212,233.919,-294.793
1995--2000,1995,Turkmenistan,TKM,545.759,172.799,-64.674
1995--2000,1995,Uzbekistan,UZB,3047.693,819.405,-242.636
1995--2000,1995,Afghanistan,AFG,4569.075,1195.382,-379.474
1995--2000,1995,Bangladesh,BGD,18344.465,4713.968,-756.121
1995--2000,1995,Bhutan,BTN,84.579,26.186,0.143
1995--2000,1995,India,IND,138960.39,45675.377,-716.9
1995--2000,1995,Iran (Islamic Republic of),IRN,6613.381,1672.466,615.293
1995--2000,1995,Maldives,MDV,34.708,7.299,-1.1
1995--2000,1995,Nepal,NPL,3870.46,1061.23,-464.703
1995--2000,1995,Pakistan,PAK,22436.628,6013.857,-728.632
1995--2000,1995,Sri Lanka,LKA,1712.689,716.182,-461.684
1995--2000,1995,Brunei Darussalam,BRN,37.797,4.967,3.215
1995--2000,1995,Cambodia,KHM,1753.005,602.702,348.495
1995--2000,1995,Indonesia,IDN,22281.415,7353.87,-344.962
1995--2000,1995,Lao People's Democratic Republic,LAO,883.978,271.852,-134.746
1995--2000,1995,Malaysia,MYS,2691.583,496.297,494.721
1995--2000,1995,Myanmar,MMR,5478.648,2082.98,-537.998
1995--2000,1995,Philippines,PHL,11166.103,2244.626,-765.62
1995--2000,1995,Singapore,SGP,264.163,84.226,255.243
1995--2000,1995,Thailand,THA,4802.853,2032.427,695.804
1995--2000,1995,Timor-Leste,TLS,203.955,47.736,-156.056
1995--2000,1995,Viet Nam,VNM,7495.697,2193.108,-216.001
1995--2000,1995,Armenia,ARM,211.85,135.728,-223.873
1995--2000,1995,Azerbaijan,AZE,765.761,306.593,-111.849
1995--2000,1995,Bahrain,BHR,70.962,9.232,39.18
1995--2000,1995,Cyprus,CYP,65.681,31.043,53.26
1995--2000,1995,Georgia,GEO,310.543,242.52,-366.036
1995--2000,1995,Iraq,IRQ,4002.177,627.29,-17.859
1995--2000,1995,Israel,ISR,606.082,171.391,245.334
1995--2000,1995,Jordan,JOR,784.245,103.868,-150.147
1995--2000,1995,Kuwait,KWT,221.141,23.048,242
1995--2000,1995,Lebanon,LBN,323.564,92.162,-29.428
1995--2000,1995,Oman,OMN,300.045,42.966,-193.372
1995--2000,1995,Qatar,QAT,55.052,5.746,29.506
1995--2000,1995,Saudi Arabia,SAU,2766.902,388.434,-350
1995--2000,1995,State of Palestine,PSE,595.715,60.406,70.001
1995--2000,1995,Syrian Arab Republic,SYR,2491.674,296.321,-130
1995--2000,1995,Turkey,TUR,6944.572,2090.829,-99.999
1995--2000,1995,United Arab Emirates,ARE,250.57,28.919,484.452
1995--2000,1995,Yemen,YEM,3453.294,799.226,-100
1995--2000,1995,Belarus,BLR,469.936,734.779,56.146
1995--2000,1995,Bulgaria,BGR,339.439,587.01,-133.824
1995--2000,1995,Czech Republic,CZE,449.548,564.418,46.002
1995--2000,1995,Hungary,HUN,499.783,707.134,78.562
1995--2000,1995,Poland,POL,2082.021,1898.957,-85.199
1995--2000,1995,Republic of Moldova,MDA,277.338,250.023,-165.309
1995--2000,1995,Romania,ROU,1158.46,1385.442,-610
1995--2000,1995,Russian Federation,RUS,6564.702,10765.245,2308.22
1995--2000,1995,Slovakia,SVK,290.568,263.862,-2.964
1995--2000,1995,Ukraine,UKR,2184.348,3787.681,-462.264
1995--2000,1995,Channel Islands,CHI,8.305,7.408,3.778
1995--2000,1995,Denmark,DNK,333.879,299.961,74.568
1995--2000,1995,Estonia,EST,64.783,97.499,-1.197
1995--2000,1995,Finland,FIN,295.618,248.824,22.154
1995--2000,1995,Iceland,ISL,21.167,9.382,1.02
1995--2000,1995,Ireland,IRL,270.776,156.958,83.412
1995--2000,1995,Latvia,LVA,98.307,176.019,-46.601
1995--2000,1995,Lithuania,LTU,188.658,219.501,-93.925
1995--2000,1995,Norway,NOR,297.37,223.771,58.773
1995--2000,1995,Sweden,SWE,459.153,472.41,58.47
1995--2000,1995,United Kingdom,GBR,3648.991,3175.462,498.998
1995--2000,1995,Albania,ALB,290.705,95.861,-179.606
1995--2000,1995,Bosnia and Herzegovina,BIH,239.599,157.316,-159.283
1995--2000,1995,Croatia,HRV,245.151,245.715,-188.129
1995--2000,1995,Greece,GRC,552.855,497.541,297.431
1995--2000,1995,Italy,ITA,2644.845,2830.294,223.974
1995--2000,1995,Malta,MLT,24.818,14.832,6.378
1995--2000,1995,Montenegro,MNE,43.466,28.736,-21.588
1995--2000,1995,Portugal,PRT,562.922,531.14,173.604
1995--2000,1995,Serbia,SRB,621.309,521.942,-495.902
1995--2000,1995,Slovenia,SVN,91.065,95.526,1.487
1995--2000,1995,Spain,ESP,1899.89,1791.703,905.02
1995--2000,1995,TFYR Macedonia,MKD,139.076,82.507,-4.999
1995--2000,1995,Austria,AUT,416.565,402.495,65.082
1995--2000,1995,Belgium,BEL,574.809,529.953,50.87
1995--2000,1995,France,FRA,3696.239,2712.164,382.333
1995--2000,1995,Germany,DEU,3893.393,4342.155,695.914
1995--2000,1995,Luxembourg,LUX,27.545,19.526,19.94
1995--2000,1995,Netherlands,NLD,969.171,689.389,178.553
1995--2000,1995,Switzerland,CHE,399.213,315.704,65.218
1995--2000,1995,Antigua and Barbuda,ATG,8.177,2.626,4.421
1995--2000,1995,Aruba,ABW,6.556,2.951,6.926
1995--2000,1995,Bahamas,BHS,29.054,8.217,-3.097
1995--2000,1995,Barbados,BRB,19.239,13.04,-1.323
1995--2000,1995,Cuba,CUB,766.643,389.117,-132.839
1995--2000,1995,Curacao,CUW,10.458,5.166,-17.077
1995--2000,1995,Dominican Republic,DOM,1066.364,246.015,-150.146
1995--2000,1995,Grenada,GRD,10.463,4.185,-4.912
1995--2000,1995,Guadeloupe,GLP,35.551,13.47,-0.374
1995--2000,1995,Haiti,HTI,1336.194,461.8,-144.998
1995--2000,1995,Jamaica,JAM,295.548,93.321,-82.801
1995--2000,1995,Martinique,MTQ,29.096,13.355,2.54
1995--2000,1995,Puerto Rico,PRI,287.678,149.887,-30.45
1995--2000,1995,Saint Lucia,LCA,16.463,5.606,-0.948
1995--2000,1995,Saint Vincent and the Grenadines,VCT,11.563,3.841,-7.948
1995--2000,1995,Trinidad and Tobago,TTO,95.01,49.486,-32.545
1995--2000,1995,United States Virgin Islands,VIR,8.394,3.123,-3.936
1995--2000,1995,Belize,BLZ,35.411,6.97,11.909
1995--2000,1995,Costa Rica,CRI,399.102,74.104,89.527
1995--2000,1995,El Salvador,SLV,782.925,199.558,-326.853
1995--2000,1995,Guatemala,GTM,2014.952,370.371,-402.326
1995--2000,1995,Honduras,HND,1048.203,167.973,-64.998
1995--2000,1995,Mexico,MEX,12356.244,2327.438,-2354.719
1995--2000,1995,Nicaragua,NIC,694.541,134.978,-145
1995--2000,1995,Panama,PAN,350.005,69.185,9.797
1995--2000,1995,Argentina,ARG,3556.068,1413.433,-80
1995--2000,1995,Bolivia (Plurinational State of),BOL,1281.425,425.627,-83.002
1995--2000,1995,Brazil,BRA,18239.159,5248.183,0
1995--2000,1995,Chile,CHL,1334.047,391.353,23.454
1995--2000,1995,Colombia,COL,4269.439,1117.46,-190
1995--2000,1995,Ecuador,ECU,1580.476,322.457,-69.999
1995--2000,1995,French Guiana,GUF,22.189,3.027,6.6
1995--2000,1995,Guyana,GUY,102.192,29.878,-80.312
1995--2000,1995,Paraguay,PRY,735.926,150.215,-43.861
1995--2000,1995,Peru,PER,3177.139,761.024,-540.001
1995--2000,1995,Suriname,SUR,55.645,16.787,-10.189
1995--2000,1995,Uruguay,URY,276.981,154.546,-26
1995--2000,1995,Venezuela (Bolivarian Republic of),VEN,2889.409,587.678,-2.061
1995--2000,1995,Canada,CAN,1736.206,1092.114,761.611
1995--2000,1995,United States of America,USA,19556.999,11845.142,8612.074
1995--2000,1995,Australia,AUS,1255.317,643.774,377.552
1995--2000,1995,New Zealand,NZL,281.121,139.647,42.584
1995--2000,1995,Fiji,FJI,101.735,23.75,-42.26
1995--2000,1995,New Caledonia,NCL,21.583,5.514,6.071
1995--2000,1995,Papua New Guinea,PNG,905.193,225.253,-1.996
1995--2000,1995,Solomon Islands,SLB,70.035,15.973,-0.677
1995--2000,1995,Vanuatu,VUT,29.876,5.967,-7.087
1995--2000,1995,Guam,GUM,17.285,3.401,-4.116
1995--2000,1995,Kiribati,KIR,12.901,3.245,-2.977
1995--2000,1995,Micronesia (Fed. States of),FSM,16.872,3.38,-13.618
1995--2000,1995,French Polynesia,PYF,24.093,5.509,3.483
1995--2000,1995,Samoa,WSM,27.208,5.452,-17.3
1995--2000,1995,Tonga,TON,13.734,3.024,-8.701
2000--2005,2e3,Burundi,BDI,1448.507,476.8,50.869
2000--2005,2e3,Comoros,COM,106.361,27.09,-10
2000--2005,2e3,Djibouti,DJI,112.909,38.237,-8.997
2000--2005,2e3,Eritrea,ERI,659.806,193.598,110.001
2000--2005,2e3,Ethiopia,ETH,14816.251,4543.325,-83.182
2000--2005,2e3,Kenya,KEN,6576.851,2004.191,25.144
2000--2005,2e3,Madagascar,MDG,3364.095,786.679,-7.5
2000--2005,2e3,Malawi,MWI,2651.843,951.483,-36.82
2000--2005,2e3,Mauritius,MUS,96.404,40.169,-19.372
2000--2005,2e3,Mayotte,MYT,29.955,2.381,0.2
2000--2005,2e3,Mozambique,MOZ,4330.717,1505.329,30.004
2000--2005,2e3,Reunion,REU,75.134,19.353,-0.89
2000--2005,2e3,Rwanda,RWA,1641.367,602.73,-72.601
2000--2005,2e3,Seychelles,SYC,8.157,3.077,2.513
2000--2005,2e3,Somalia,SOM,2305.377,723.837,-183.096
2000--2005,2e3,South Sudan,SSD,1537.632,561.416,432
2000--2005,2e3,Uganda,UGA,6354.507,1844.841,-5
2000--2005,2e3,United Republic of Tanzania,TZA,7755.828,2227.373,-295.952
2000--2005,2e3,Zambia,ZMB,2493.027,879.072,-93.014
2000--2005,2e3,Zimbabwe,ZWE,2129.917,1062.137,-350.001
2000--2005,2e3,Angola,AGO,4353.924,1414.906,172.594
2000--2005,2e3,Cameroon,CMR,3353.642,1153.087,-54
2000--2005,2e3,Central African Republic,CAF,783.91,386.588,-24.405
2000--2005,2e3,Chad,TCD,2312.33,806.848,218.966
2000--2005,2e3,Congo,COG,683.215,240.376,49.674
2000--2005,2e3,Democratic Republic of the Congo,COD,11669.342,3752.688,-241.564
2000--2005,2e3,Equatorial Guinea,GNQ,138.568,45.57,50.003
2000--2005,2e3,Gabon,GAB,214.896,73.672,30.783
2000--2005,2e3,Sao Tome and Principe,STP,29.015,6.396,-5.599
2000--2005,2e3,Algeria,DZA,3098.514,788.505,-205.228
2000--2005,2e3,Egypt,EGY,9310.28,2363.659,-74.464
2000--2005,2e3,Libya,LBY,590.266,132.767,-20.569
2000--2005,2e3,Morocco,MAR,3232.746,906.471,-654.821
2000--2005,2e3,Sudan,SDN,5629.123,1421.739,-546.005
2000--2005,2e3,Tunisia,TUN,823.962,281.632,-139.045
2000--2005,2e3,Western Sahara,ESH,44.869,12.07,90.6
2000--2005,2e3,Botswana,BWA,236.758,130.523,21.278
2000--2005,2e3,Lesotho,LSO,287.23,166.386,-40
2000--2005,2e3,Namibia,NAM,299.994,117.05,-50
2000--2005,2e3,South Africa,ZAF,5631.594,3135.317,596
2000--2005,2e3,Swaziland,SWZ,175.261,84.782,-46.077
2000--2005,2e3,Benin,BEN,1538.805,447.532,25.005
2000--2005,2e3,Burkina Faso,BFA,2854.123,915.138,-125
2000--2005,2e3,Cabo Verde,CPV,61.777,12.431,-9.859
2000--2005,2e3,Cote d'Ivoire,CIV,3509.312,1489.568,-370
2000--2005,2e3,Gambia,GMB,298.947,72.846,-13.742
2000--2005,2e3,Ghana,GHA,3502.253,1064.526,165.518
2000--2005,2e3,Guinea,GIN,1930.669,691.465,-368.004
2000--2005,2e3,Guinea-Bissau,GNB,267.016,89.511,-39.899
2000--2005,2e3,Liberia,LBR,639.734,213.027,-50
2000--2005,2e3,Mali,MLI,2893.166,994.981,-67.11
2000--2005,2e3,Mauritania,MRT,552.183,137.83,7.004
2000--2005,2e3,Niger,NER,3290.771,996.799,-28.497
2000--2005,2e3,Nigeria,NGA,28057.592,11300.125,-170
2000--2005,2e3,Senegal,SEN,2048.003,529.653,-151.131
2000--2005,2e3,Sierra Leone,SLE,1140.496,546.415,500
2000--2005,2e3,Togo,TGO,1053.985,331.078,-9.999
2000--2005,2e3,China,CHN,82827.534,41815.287000000004,-1825.0800000000002
2000--2005,2e3,"China, Hong Kong SAR",HKG,284.423,185.122,64.797
2000--2005,2e3,"China, Macao SAR",MAC,16.958,8.658,46.284
2000--2005,2e3,Dem. People's Republic of Korea,PRK,1969.274,976.995,-17.19
2000--2005,2e3,Japan,JPN,5689.593,5051.961,164.199
2000--2005,2e3,Mongolia,MNG,232.989,88.979,-15.001
2000--2005,2e3,Republic of Korea,KOR,2519.662,1278.767,81.291
2000--2005,2e3,Kazakhstan,KAZ,1266.017,826.452,44.53
2000--2005,2e3,Kyrgyzstan,KGZ,515.967,188.395,-172.911
2000--2005,2e3,Tajikistan,TJK,929.912,209.45,-82.491
2000--2005,2e3,Turkmenistan,TKM,542.091,177.695,-125.883
2000--2005,2e3,Uzbekistan,UZB,2728.509,822.94,-242.297
2000--2005,2e3,Afghanistan,AFG,5287.21,1239.292,929.118
2000--2005,2e3,Bangladesh,BGD,17875.234,4483.921,-1541.457
2000--2005,2e3,Bhutan,BTN,77.649,23.431,29.002
2000--2005,2e3,India,IND,139112.665,46093.993,-1950.91
2000--2005,2e3,Iran (Islamic Republic of),IRN,6095.912,1735.654,-70.307
2000--2005,2e3,Maldives,MDV,30.8,6.159,13.811
2000--2005,2e3,Nepal,NPL,3662.992,965.773,-797.844
2000--2005,2e3,Pakistan,PAK,22164.256,6106.387,-671.488
2000--2005,2e3,Sri Lanka,LKA,1780.793,588.696,-449.48
2000--2005,2e3,Brunei Darussalam,BRN,33.464,4.89,3.347
2000--2005,2e3,Cambodia,KHM,1681.064,528.06,-35.156
2000--2005,2e3,Indonesia,IDN,24091.343,8067.729,-851.31
2000--2005,2e3,Lao People's Democratic Republic,LAO,821.856,249.038,-148.1
2000--2005,2e3,Malaysia,MYS,2370.653,542.399,645.533
2000--2005,2e3,Myanmar,MMR,5742.874,2108.031,-1247.687
2000--2005,2e3,Philippines,PHL,11828.687,2448.649,-1097.371
2000--2005,2e3,Singapore,SGP,236.671,95.181,435.595
2000--2005,2e3,Thailand,THA,4354.772,2261.071,373.746
2000--2005,2e3,Timor-Leste,TLS,189.447,38.599,4.02
2000--2005,2e3,Viet Nam,VNM,6970.899,2275.284,-672.334
2000--2005,2e3,Armenia,ARM,203.412,131.227,-160.521
2000--2005,2e3,Azerbaijan,AZE,682.537,303.2,36.524
2000--2005,2e3,Bahrain,BHR,79.361,10.304,155.5
2000--2005,2e3,Cyprus,CYP,60.314,33.47,57.53
2000--2005,2e3,Georgia,GEO,273.526,231.508,-277.521
2000--2005,2e3,Iraq,IRQ,4412.13,702.796,-266.32
2000--2005,2e3,Israel,ISR,667.659,181.368,102.935
2000--2005,2e3,Jordan,JOR,813.359,108.483,-93.897
2000--2005,2e3,Kuwait,KWT,226.776,27.4,26.5
2000--2005,2e3,Lebanon,LBN,294.552,93.178,550.11
2000--2005,2e3,Oman,OMN,267.569,39.287,15
2000--2005,2e3,Qatar,QAT,65.663,6.987,213.916
2000--2005,2e3,Saudi Arabia,SAU,2817.355,406.018,730
2000--2005,2e3,State of Palestine,PSE,607.822,64.667,-190
2000--2005,2e3,Syrian Arab Republic,SYR,2578.303,314.63,-379.91
2000--2005,2e3,Turkey,TUR,6723.747,2020.468,-39.997
2000--2005,2e3,United Arab Emirates,ARE,298.066,34.426,1161
2000--2005,2e3,Yemen,YEM,3645.523,825.17,-112.15
2000--2005,2e3,Belarus,BLR,449.289,754.966,-6.382
2000--2005,2e3,Bulgaria,BGR,334.76,563.284,-85.5
2000--2005,2e3,Czech Republic,CZE,468.628,547.441,47.402
2000--2005,2e3,Hungary,HUN,475.883,672.058,61.589
2000--2005,2e3,Poland,POL,1808.351,1812.712,-183.471
2000--2005,2e3,Republic of Moldova,MDA,212.26,243.562,-12.079
2000--2005,2e3,Romania,ROU,1089.416,1318.318,-468.204
2000--2005,2e3,Russian Federation,RUS,7112.085,11625.731,1735.324
2000--2005,2e3,Slovakia,SVK,261.133,262.584,1.199
2000--2005,2e3,Ukraine,UKR,2012.386,3794.857,-165.445
2000--2005,2e3,Channel Islands,CHI,8.085,7.105,4.592
2000--2005,2e3,Denmark,DNK,322.613,288.407,46.306
2000--2005,2e3,Estonia,EST,66.693,91.746,-18.406
2000--2005,2e3,Finland,FIN,285.828,246.785,31.935
2000--2005,2e3,Iceland,ISL,20.631,9.027,2.94
2000--2005,2e3,Ireland,IRL,310.685,146.432,199.949
2000--2005,2e3,Latvia,LVA,103.757,163.441,-72.49
2000--2005,2e3,Lithuania,LTU,153.161,211.639,-99.104
2000--2005,2e3,Norway,NOR,283.333,217.738,67.4
2000--2005,2e3,Sweden,SWE,483.913,468.651,141.723
2000--2005,2e3,United Kingdom,GBR,3405.544,3037.99,968.35
2000--2005,2e3,Albania,ALB,224.418,90.43,-176.774
2000--2005,2e3,Bosnia and Herzegovina,BIH,180.176,159.359,-6
2000--2005,2e3,Croatia,HRV,207.657,255.09,-2.58
2000--2005,2e3,Greece,GRC,555.592,510.096,113.586
2000--2005,2e3,Italy,ITA,2720.173,2829.711,1624.3
2000--2005,2e3,Malta,MLT,20.126,15.529,5.521
2000--2005,2e3,Montenegro,MNE,41.445,30.614,-7.999
2000--2005,2e3,Portugal,PRT,563.619,531.362,178.353
2000--2005,2e3,Serbia,SRB,554.486,550.781,-276.331
2000--2005,2e3,Slovenia,SVN,87.58,94.797,14.998
2000--2005,2e3,Spain,ESP,2173.275,1872.594,2838.24
2000--2005,2e3,TFYR Macedonia,MKD,126.73,86.705,-14.572
2000--2005,2e3,Austria,AUT,391.628,385.368,178.117
2000--2005,2e3,Belgium,BEL,576.417,531.126,219.56
2000--2005,2e3,France,FRA,3837.466,2704.891,493.125
2000--2005,2e3,Germany,DEU,3584.544,4205.671,804.608
2000--2005,2e3,Luxembourg,LUX,26.405,19.138,14.473
2000--2005,2e3,Netherlands,NLD,996.573,701.628,146.02
2000--2005,2e3,Switzerland,CHE,366.837,309.904,186.125
2000--2005,2e3,Antigua and Barbuda,ATG,8.63,2.681,-0.282
2000--2005,2e3,Aruba,ABW,6.314,3.405,6.263
2000--2005,2e3,Bahamas,BHS,24.548,8.679,15.483
2000--2005,2e3,Barbados,BRB,18.061,13.809,-0.077
2000--2005,2e3,Cuba,CUB,681.276,402.13,-145.629
2000--2005,2e3,Curacao,CUW,8.73,5.363,-6.07
2000--2005,2e3,Dominican Republic,DOM,1094.18,266.685,-152.553
2000--2005,2e3,Grenada,GRD,9.604,4.142,-4.132
2000--2005,2e3,Guadeloupe,GLP,33.643,14.369,-4.367
2000--2005,2e3,Haiti,HTI,1324.48,470.277,-139.999
2000--2005,2e3,Jamaica,JAM,269.595,97.151,-84.638
2000--2005,2e3,Martinique,MTQ,28.055,14.01,-4.008
2000--2005,2e3,Puerto Rico,PRI,265.12,150.995,-145.704
2000--2005,2e3,Saint Lucia,LCA,12.774,5.786,-0.227
2000--2005,2e3,Saint Vincent and the Grenadines,VCT,10.094,4.043,-5.2
2000--2005,2e3,Trinidad and Tobago,TTO,95.603,53.491,-13.159
2000--2005,2e3,United States Virgin Islands,VIR,7.806,3.468,-5.272
2000--2005,2e3,Belize,BLZ,37.769,7.599,5.797
2000--2005,2e3,Costa Rica,CRI,364.958,84.357,41.792
2000--2005,2e3,El Salvador,SLV,673.626,199.51,-312.786
2000--2005,2e3,Guatemala,GTM,2089.449,363.113,-281.05
2000--2005,2e3,Honduras,HND,1069.908,178.765,-41.999
2000--2005,2e3,Mexico,MEX,12090.126,2426.132,-2911.437
2000--2005,2e3,Nicaragua,NIC,658.731,132.198,-173.998
2000--2005,2e3,Panama,PAN,360.065,76.065,16.119
2000--2005,2e3,Argentina,ARG,3658.866,1480.828,-90
2000--2005,2e3,Bolivia (Plurinational State of),BOL,1287.916,412.028,-89.995
2000--2005,2e3,Brazil,BRA,16949.009,5319.23,0
2000--2005,2e3,Chile,CHL,1264.425,417.477,37.362
2000--2005,2e3,Colombia,COL,4212.842,1172.162,-159.003
2000--2005,2e3,Ecuador,ECU,1566.586,339.948,-120.002
2000--2005,2e3,French Guiana,GUF,26.181,3.213,17.699
2000--2005,2e3,Guyana,GUY,90.86,28.961,-64.249
2000--2005,2e3,Paraguay,PRY,695.406,155.697,-46.919
2000--2005,2e3,Peru,PER,3079.039,748.509,-634.999
2000--2005,2e3,Suriname,SUR,53.901,18.224,-9.124
2000--2005,2e3,Uruguay,URY,264.759,156.393,-104
2000--2005,2e3,Venezuela (Bolivarian Republic of),VEN,2943.588,640.12,-7.648
2000--2005,2e3,Canada,CAN,1662.033,1136.534,1026.702
2000--2005,2e3,United States of America,USA,20241.846,12301.662,5206.538
2000--2005,2e3,Australia,AUS,1257.036,659.076,575.104
2000--2005,2e3,New Zealand,NZL,283.45,141.716,134.629
2000--2005,2e3,Fiji,FJI,97.864,25.47,-61.797
2000--2005,2e3,New Caledonia,NCL,21.177,6.138,4.771
2000--2005,2e3,Papua New Guinea,PNG,981.521,238.03,-1.001
2000--2005,2e3,Solomon Islands,SLB,77.389,15.217,-4.898
2000--2005,2e3,Vanuatu,VUT,30.474,5.655,-0.502
2000--2005,2e3,Guam,GUM,16.245,3.616,-9.556
2000--2005,2e3,Kiribati,KIR,13.188,3.226,-2.039
2000--2005,2e3,Micronesia (Fed. States of),FSM,15.014,3.397,-12.85
2000--2005,2e3,French Polynesia,PYF,23.475,5.935,0.077
2000--2005,2e3,Samoa,WSM,26.273,5.234,-15.726
2000--2005,2e3,Tonga,TON,14.195,3.107,-8.129
2005--2010,2005,Burundi,BDI,1765.26,523.68,102.069
2005--2010,2005,Comoros,COM,116.423,28.356,-10
2005--2010,2005,Djibouti,DJI,107.827,38.435,-1.499
2005--2010,2005,Eritrea,ERI,769.391,187.565,-159.999
2005--2010,2005,Ethiopia,ETH,14952.882,3927.156,-50.132
2005--2010,2005,Kenya,KEN,7158.054,1666.856,-189.33
2005--2010,2005,Madagascar,MDG,3606.6,784.181,-7.5
2005--2010,2005,Malawi,MWI,2992.414,828.206,-36.82
2005--2010,2005,Mauritius,MUS,81.929,43.902,-12.079
2005--2010,2005,Mayotte,MYT,35.185,2.565,-2
2005--2010,2005,Mozambique,MOZ,4800.289,1461.956,-40
2005--2010,2005,Reunion,REU,72.388,21.052,-12.422
2005--2010,2005,Rwanda,RWA,1773.548,439.345,-79.101
2005--2010,2005,Seychelles,SYC,8.528,3.359,-2.511
2005--2010,2005,Somalia,SOM,2592.409,762.855,-186.25
2005--2010,2005,South Sudan,SSD,1791.666,618.35,785
2005--2010,2005,Uganda,UGA,7246.768,1740.572,-135
2005--2010,2005,United Republic of Tanzania,TZA,8998.135,2044.773,-265.317
2005--2010,2005,Zambia,ZMB,2691.976,770.058,-124.044
2005--2010,2005,Zimbabwe,ZWE,2403.177,956.89,-300
2005--2010,2005,Angola,AGO,5022.313,1291.01,85.286
2005--2010,2005,Cameroon,CMR,3756.128,1152.422,-54
2005--2010,2005,Central African Republic,CAF,826.631,380.4,-125.614
2005--2010,2005,Chad,TCD,2638.51,893.309,75
2005--2010,2005,Congo,COG,786.993,214.405,95.864
2005--2010,2005,Democratic Republic of the Congo,COD,13529.806,3714.596,-43.426
2005--2010,2005,Equatorial Guinea,GNQ,165.25,51.473,80.003
2005--2010,2005,Gabon,GAB,243.861,75.496,68.72
2005--2010,2005,Sao Tome and Principe,STP,31.086,6.341,-5.599
2005--2010,2005,Algeria,DZA,4007.791,821.253,-357.34
2005--2010,2005,Egypt,EGY,10142.269,2529.239,-283.573
2005--2010,2005,Libya,LBY,634.902,139.881,-118.555
2005--2010,2005,Morocco,MAR,3315.727,862.018,-565.14
2005--2010,2005,Sudan,SDN,5974.128,1421.935,-1078.146
2005--2010,2005,Tunisia,TUN,883.635,313.242,-32.941
2005--2010,2005,Western Sahara,ESH,50.276,12.812,5.291
2005--2010,2005,Botswana,BWA,244.575,104.289,18.73
2005--2010,2005,Lesotho,LSO,283.726,152.724,-40
2005--2010,2005,Namibia,NAM,310.469,119.498,-50
2005--2010,2005,South Africa,ZAF,5746.733,3610.162,627.5
2005--2010,2005,Swaziland,SWZ,185.41,82.437,-6
2005--2010,2005,Benin,BEN,1719.855,454.05,-48.776
2005--2010,2005,Burkina Faso,BFA,3173.477,865.191,-125
2005--2010,2005,Cabo Verde,CPV,59.229,13.785,-17.623
2005--2010,2005,Cote d'Ivoire,CIV,3748.14,1463.111,-220
2005--2010,2005,Gambia,GMB,336.614,74.931,-13.742
2005--2010,2005,Ghana,GHA,3880.759,1099.921,189.259
2005--2010,2005,Guinea,GIN,2030.682,616.258,-300
2005--2010,2005,Guinea-Bissau,GNB,292.238,92.195,-25.002
2005--2010,2005,Liberia,LBR,696.316,185.003,175.585
2005--2010,2005,Mali,MLI,3322.518,945.373,-100.823
2005--2010,2005,Mauritania,MRT,618.245,149.425,10.005
2005--2010,2005,Niger,NER,3822.569,986.944,-28.497
2005--2010,2005,Nigeria,NGA,31196.795,11258.011,-300
2005--2010,2005,Senegal,SEN,2325.519,494.507,-166.051
2005--2010,2005,Sierra Leone,SLE,1266.388,526.05,60
2005--2010,2005,Togo,TGO,1168.344,338.667,-9.999
2005--2010,2005,China,CHN,85118.397,44346.369,-2140.892
2005--2010,2005,"China, Hong Kong SAR",HKG,313.034,205.319,89.747
2005--2010,2005,"China, Macao SAR",MAC,21.567,9.541,42.381
2005--2010,2005,Dem. People's Republic of Korea,PRK,1798.843,1086.728,-24.681
2005--2010,2005,Japan,JPN,5571.145,5632.622,277.58
2005--2010,2005,Mongolia,MNG,291.082,89.876,-15.001
2005--2010,2005,Republic of Korea,KOR,2288.509,1287.62,-156.535
2005--2010,2005,Kazakhstan,KAZ,1721.473,828.757,-35.196
2005--2010,2005,Kyrgyzstan,KGZ,625.011,201.446,-76.604
2005--2010,2005,Tajikistan,TJK,1068.534,207.841,-73.245
2005--2010,2005,Turkmenistan,TKM,574.673,179.393,-62.717
2005--2010,2005,Uzbekistan,UZB,3091.01,856.778,-140.13
2005--2010,2005,Afghanistan,AFG,5709.012,1199.152,-777.497
2005--2010,2005,Bangladesh,BGD,16634.396,4345.441,-3570.954
2005--2010,2005,Bhutan,BTN,76.648,22.474,16.829
2005--2010,2005,India,IND,136175.517,46399.67,-2913.829
2005--2010,2005,Iran (Islamic Republic of),IRN,6560.924,1865.95,-549.266
2005--2010,2005,Maldives,MDV,33.475,5.797,17.994
2005--2010,2005,Nepal,NPL,3322.272,915.518,-1023.896
2005--2010,2005,Pakistan,PAK,24555.792,6508.898,-1396.377
2005--2010,2005,Sri Lanka,LKA,1828.038,634.177,-520.065
2005--2010,2005,Brunei Darussalam,BRN,31.314,5.728,-2.089
2005--2010,2005,Cambodia,KHM,1810.295,475.77,-295.987
2005--2010,2005,Indonesia,IDN,25000.466,8444.359,-744.715
2005--2010,2005,Lao People's Democratic Republic,LAO,836.92,234.408,-110.258
2005--2010,2005,Malaysia,MYS,2369.674,628.072,711.297
2005--2010,2005,Myanmar,MMR,5247.284,2107.202,-1466.799
2005--2010,2005,Philippines,PHL,11635.967,2683.583,-1500.002
2005--2010,2005,Singapore,SGP,241.287,107.318,449.245
2005--2010,2005,Thailand,THA,4097.796,2373.459,59.008
2005--2010,2005,Timor-Leste,TLS,210.314,33.456,-93.744
2005--2010,2005,Viet Nam,VNM,7477.72,2436.372,-877.681
2005--2010,2005,Armenia,ARM,220.933,141.516,-183.361
2005--2010,2005,Azerbaijan,AZE,733.807,293.53,53.58
2005--2010,2005,Bahrain,BHR,92.281,12.583,272
2005--2010,2005,Cyprus,CYP,62.647,36.356,58.658
2005--2010,2005,Georgia,GEO,297.251,252.661,-299.482
2005--2010,2005,Iraq,IRQ,5044.442,832.842,-457.332
2005--2010,2005,Israel,ISR,742.6,193.249,273.635
2005--2010,2005,Jordan,JOR,944.072,125.796,649.997
2005--2010,2005,Kuwait,KWT,275.584,33.622,479.5
2005--2010,2005,Lebanon,LBN,264.634,97.714,183.37
2005--2010,2005,Oman,OMN,303.75,40.559,267
2005--2010,2005,Qatar,QAT,84.298,10.782,841.3
2005--2010,2005,Saudi Arabia,SAU,2990.136,465.103,995
2005--2010,2005,State of Palestine,PSE,650.47,69.811,-90.001
2005--2010,2005,Syrian Arab Republic,SYR,2696.725,342.501,370
2005--2010,2005,Turkey,TUR,6546.46,2072.953,-50
2005--2010,2005,United Arab Emirates,ARE,408.955,48.84,3331
2005--2010,2005,Yemen,YEM,3915.268,825.643,-65.768
2005--2010,2005,Belarus,BLR,511.239,723.651,63.933
2005--2010,2005,Bulgaria,BGR,363.924,559.352,-83.742
2005--2010,2005,Czech Republic,CZE,562.064,534.844,250.889
2005--2010,2005,Hungary,HUN,477.072,660.843,25.15
2005--2010,2005,Poland,POL,2013.315,1874.12,-178.456
2005--2010,2005,Republic of Moldova,MDA,225.792,251.105,-47.911
2005--2010,2005,Romania,ROU,1089.408,1305.432,-774.651
2005--2010,2005,Russian Federation,RUS,8091.178,10712.846,2157.349
2005--2010,2005,Slovakia,SVK,281.19,266.997,-8.855
2005--2010,2005,Ukraine,UKR,2401.612,3770.813,269.541
2005--2010,2005,Channel Islands,CHI,7.821,7.015,4.479
2005--2010,2005,Denmark,DNK,322.398,277.239,87.989
2005--2010,2005,Estonia,EST,77.529,85.93,-15.151
2005--2010,2005,Finland,FIN,298.016,248.717,57.558
2005--2010,2005,Iceland,ISL,23.108,9.761,12.007
2005--2010,2005,Ireland,IRL,356.425,140.617,198.144
2005--2010,2005,Latvia,LVA,114.464,161.004,-86.594
2005--2010,2005,Lithuania,LTU,156.606,226.126,-150.93
2005--2010,2005,Norway,NOR,300.048,209.968,163.433
2005--2010,2005,Sweden,SWE,547.326,458.237,262.453
2005--2010,2005,United Kingdom,GBR,3889.075,2899.055,2030.075
2005--2010,2005,Albania,ALB,179.589,100.888,-217.358
2005--2010,2005,Bosnia and Herzegovina,BIH,175.912,176.11,-59.246
2005--2010,2005,Croatia,HRV,218.836,258.238,-10.499
2005--2010,2005,Greece,GRC,596.473,531.829,80.157
2005--2010,2005,Italy,ITA,2801.582,2886.573,1006.308
2005--2010,2005,Malta,MLT,19.385,16.691,6.63
2005--2010,2005,Montenegro,MNE,40.688,32.103,-0.683
2005--2010,2005,Portugal,PRT,516.582,522.117,92.133
2005--2010,2005,Serbia,SRB,496.331,565.213,-116.385
2005--2010,2005,Slovenia,SVN,102.713,93.171,39.348
2005--2010,2005,Spain,ESP,2425.681,1938.683,2259
2005--2010,2005,TFYR Macedonia,MKD,114.349,96.49,-7.399
2005--2010,2005,Austria,AUT,386.98,384.446,153.763
2005--2010,2005,Belgium,BEL,625.636,528.053,294.27
2005--2010,2005,France,FRA,3933.58,2677.086,536.344
2005--2010,2005,Germany,DEU,3393.426,4212.962,43.087
2005--2010,2005,Luxembourg,LUX,27.527,19.764,42.279
2005--2010,2005,Netherlands,NLD,931.159,681.107,65.713
2005--2010,2005,Switzerland,CHE,383.64,306.848,344.872
2005--2010,2005,Antigua and Barbuda,ATG,8.283,2.787,-0.092
2005--2010,2005,Aruba,ABW,5.899,3.822,-0.441
2005--2010,2005,Bahamas,BHS,27.19,9.966,14.363
2005--2010,2005,Barbados,BRB,17.636,14.133,2.05
2005--2010,2005,Cuba,CUB,622.144,394.616,-178.725
2005--2010,2005,Curacao,CUW,8.523,5.677,15.363
2005--2010,2005,Dominican Republic,DOM,1100.633,286.442,-153.773
2005--2010,2005,Grenada,GRD,10.006,4.004,-4.274
2005--2010,2005,Guadeloupe,GLP,30.326,15.234,-3.928
2005--2010,2005,Haiti,HTI,1340.423,466.211,-138.004
2005--2010,2005,Jamaica,JAM,256.804,96.866,-87.395
2005--2010,2005,Martinique,MTQ,26.9,14.923,-14.113
2005--2010,2005,Puerto Rico,PRI,239.891,150.559,-138.043
2005--2010,2005,Saint Lucia,LCA,11.53,5.512,2.85
2005--2010,2005,Saint Vincent and the Grenadines,VCT,9.657,3.969,-5.122
2005--2010,2005,Trinidad and Tobago,TTO,100.713,58.248,-11.303
2005--2010,2005,United States Virgin Islands,VIR,8.481,3.858,-6.267
2005--2010,2005,Belize,BLZ,37.052,7.444,8.722
2005--2010,2005,Costa Rica,CRI,364.481,97.39,30.339
2005--2010,2005,El Salvador,SLV,622.297,200.96,-285.671
2005--2010,2005,Guatemala,GTM,2021.789,373.168,-114.231
2005--2010,2005,Honduras,HND,1037.076,191.726,-24
2005--2010,2005,Mexico,MEX,11696.515,2603.802,-246.002
2005--2010,2005,Nicaragua,NIC,648.629,135.234,-155
2005--2010,2005,Panama,PAN,375.412,84.901,22.244
2005--2010,2005,Argentina,ARG,3708.166,1544.77,-84.998
2005--2010,2005,Bolivia (Plurinational State of),BOL,1276.222,399.379,-84.003
2005--2010,2005,Brazil,BRA,15506.971,5628.065,0
2005--2010,2005,Chile,CHL,1251.096,464.188,59.383
2005--2010,2005,Colombia,COL,4020.994,1245.529,-143
2005--2010,2005,Ecuador,ECU,1616.214,371.755,-44.999
2005--2010,2005,French Guiana,GUF,30.823,3.48,3.004
2005--2010,2005,Guyana,GUY,79.998,28.915,-55.476
2005--2010,2005,Paraguay,PRY,699.807,168.124,-117.299
2005--2010,2005,Peru,PER,3042.453,789.216,-489.999
2005--2010,2005,Suriname,SUR,52.01,18.373,-6.485
2005--2010,2005,Uruguay,URY,253.256,154.45,-50
2005--2010,2005,Venezuela (Bolivarian Republic of),VEN,2999.97,727.701,-28.395
2005--2010,2005,Canada,CAN,1846.624,1195.84,1229.905
2005--2010,2005,United States of America,USA,20783.126,12304.925,5033.689
2005--2010,2005,Australia,AUS,1457.04,698.569,1122.688
2005--2010,2005,New Zealand,NZL,317.583,145.29,62.413
2005--2010,2005,Fiji,FJI,94.33,27.444,-28.754
2005--2010,2005,New Caledonia,NCL,21.064,6.948,4.234
2005--2010,2005,Papua New Guinea,PNG,1043.277,248.743,-1.001
2005--2010,2005,Solomon Islands,SLB,84.574,14.777,-11.896
2005--2010,2005,Vanuatu,VUT,31.416,5.626,1.135
2005--2010,2005,Guam,GUM,14.577,3.762,-9.776
2005--2010,2005,Kiribati,KIR,14.403,3.505,-0.578
2005--2010,2005,Micronesia (Fed. States of),FSM,12.86,3.307,-12.132
2005--2010,2005,French Polynesia,PYF,22.638,6.245,-3.463
2005--2010,2005,Samoa,WSM,26.729,5.08,-15.371
2005--2010,2005,Tonga,TON,14.466,3.177,-8.196
2010--2015,2010,Burundi,BDI,2054.631,552.294,-70
2010--2015,2010,Comoros,COM,126.32,28.588,-10
2010--2015,2010,Djibouti,DJI,107.994,37.738,6.002
2010--2015,2010,Eritrea,ERI,793.282,177.143,-159.999
2010--2015,2010,Ethiopia,ETH,15775.995,3545.637,-60.001
2010--2015,2010,Kenya,KEN,7335.594,1399.487,-50
2010--2015,2010,Madagascar,MDG,3872.083,782.134,-7.5
2010--2015,2010,Malawi,MWI,3118.445,681.939,-30
2010--2015,2010,Mauritius,MUS,69.846,46.262,-12.079
2010--2015,2010,Mayotte,MYT,35.576,2.784,-1.5
2010--2015,2010,Mozambique,MOZ,5277.752,1463.468,-25
2010--2015,2010,Reunion,REU,70.295,23.31,-14.141
2010--2015,2010,Rwanda,RWA,1832.719,370.905,-79.101
2010--2015,2010,Seychelles,SYC,8.208,3.674,-2.201
2010--2015,2010,Somalia,SOM,2880.066,798.297,-226.869
2010--2015,2010,South Sudan,SSD,2045.635,655.694,425
2010--2015,2010,Uganda,UGA,8121.619,1741.883,-150
2010--2015,2010,United Republic of Tanzania,TZA,9946.857,1965.492,-199.999
2010--2015,2010,Zambia,ZMB,2942.17,657.131,-34.49
2010--2015,2010,Zimbabwe,ZWE,2660.007,718.881,-249.999
2010--2015,2010,Angola,AGO,5593.779,1190.919,87.322
2010--2015,2010,Cameroon,CMR,4082.786,1182.759,-36
2010--2015,2010,Central African Republic,CAF,837.836,344.129,-396.129
2010--2015,2010,Chad,TCD,2926.618,904.41,100
2010--2015,2010,Congo,COG,863.434,194.485,-60.001
2010--2015,2010,Democratic Republic of the Congo,COD,15482.351,3824.054,15.06
2010--2015,2010,Equatorial Guinea,GNQ,191.389,57.103,90.001
2010--2015,2010,Gabon,GAB,279.677,75.155,85.442
2010--2015,2010,Sao Tome and Principe,STP,32.958,6.58,-5.599
2010--2015,2010,Algeria,DZA,4808.212,911.051,-143.268
2010--2015,2010,Egypt,EGY,12661.897,2716.295,-275.026
2010--2015,2010,Libya,LBY,659.182,159.972,-433.403
2010--2015,2010,Morocco,MAR,3577.584,876.802,-307.108
2010--2015,2010,Sudan,SDN,6274.213,1422.985,-589.384
2010--2015,2010,Tunisia,TUN,1048.883,349.191,-65.963
2010--2015,2010,Western Sahara,ESH,55.86,12.78,2.862
2010--2015,2010,Botswana,BWA,265.387,86.057,15
2010--2015,2010,Lesotho,LSO,302.071,142.967,-25
2010--2015,2010,Namibia,NAM,348.936,95.179,-1.371
2010--2015,2010,South Africa,ZAF,5886.553,2986.493,806.5
2010--2015,2010,Swaziland,SWZ,190.537,68.37,-6
2010--2015,2010,Benin,BEN,1899.774,480.808,-42.268
2010--2015,2010,Burkina Faso,BFA,3437.548,807.138,-125
2010--2015,2010,Cabo Verde,CPV,56.46,14.881,-11.052
2010--2015,2010,Cote d'Ivoire,CIV,4102.105,1454.963,60
2010--2015,2010,Gambia,GMB,377.816,78.901,-13.476
2010--2015,2010,Ghana,GHA,4261.208,1140.491,-49.999
2010--2015,2010,Guinea,GIN,2144.364,597.004,-250
2010--2015,2010,Guinea-Bissau,GNB,319.501,94.851,-10.003
2010--2015,2010,Liberia,LBR,756.895,185.405,-20
2010--2015,2010,Mali,MLI,3639.774,944.506,-302.449
2010--2015,2010,Mauritania,MRT,692.471,159.675,40
2010--2015,2010,Niger,NER,4469.172,969.288,-28.497
2010--2015,2010,Nigeria,NGA,34423.618,11520.129,-300
2010--2015,2010,Senegal,SEN,2620.891,460.128,-99.996
2010--2015,2010,Sierra Leone,SLE,1276.406,477.098,-21
2010--2015,2010,Togo,TGO,1247.365,323.519,-9.994
2010--2015,2010,China,CHN,88023.949,48838.706,-1528.4460000000001
2010--2015,2010,"China, Hong Kong SAR",HKG,373.74,228.15,74.892
2010--2015,2010,"China, Macao SAR",MAC,32.037,10.408,42.35
2010--2015,2010,Dem. People's Republic of Korea,PRK,1747.986,1068.656,-27.013
2010--2015,2010,Japan,JPN,5388.04,6323.078,358.133
2010--2015,2010,Mongolia,MNG,369.462,90.238,-15.001
2010--2015,2010,Republic of Korea,KOR,2239.804,1368.634,169.634
2010--2015,2010,Kazakhstan,KAZ,1950.41,759.543,159.807
2010--2015,2010,Kyrgyzstan,KGZ,763.723,182.755,-137.902
2010--2015,2010,Tajikistan,TJK,1222.104,215.085,-99.999
2010--2015,2010,Turkmenistan,TKM,719.163,191.084,-50.002
2010--2015,2010,Uzbekistan,UZB,3308.479,872.282,-66.469
2010--2015,2010,Afghanistan,AFG,5651.992,1166.668,448.007
2010--2015,2010,Bangladesh,BGD,15828.452,4250.184,-2526.483
2010--2015,2010,Bhutan,BTN,73.015,23.272,10
2010--2015,2010,India,IND,127304.801,46653.296,-2578.213
2010--2015,2010,Iran (Islamic Republic of),IRN,6993.447,1800.474,-400.001
2010--2015,2010,Maldives,MDV,38.794,6.812,21.916
2010--2015,2010,Nepal,NPL,2908.41,902.899,-372.369
2010--2015,2010,Pakistan,PAK,26766.258,6764.008,-1181.92
2010--2015,2010,Sri Lanka,LKA,1678.755,678.301,-484.772
2010--2015,2010,Brunei Darussalam,BRN,33.646,6.788,2.03
2010--2015,2010,Cambodia,KHM,1828.743,469.855,-149.999
2010--2015,2010,Indonesia,IDN,25326.902,8853.909,-835
2010--2015,2010,Lao People's Democratic Republic,LAO,822.126,226.942,-177.488
2010--2015,2010,Malaysia,MYS,2524.464,695.257,781.65
2010--2015,2010,Myanmar,MMR,4795.682,2073.63,-474.278
2010--2015,2010,Philippines,PHL,11770.072,3130.333,-650
2010--2015,2010,Singapore,SGP,246.427,123.36,337.932
2010--2015,2010,Thailand,THA,3822.704,2541.233,167.314
2010--2015,2010,Timor-Leste,TLS,216.173,34.781,-50.004
2010--2015,2010,Viet Nam,VNM,7926.244,2627.186,-200.002
2010--2015,2010,Armenia,ARM,210.753,140.577,-30.535
2010--2015,2010,Azerbaijan,AZE,895.744,310.72,0
2010--2015,2010,Bahrain,BHR,104.287,15.295,42
2010--2015,2010,Cyprus,CYP,64.268,38.4,22.509
2010--2015,2010,Georgia,GEO,293.667,268.535,-305.269
2010--2015,2010,Iraq,IRQ,5775.904,886.617,463.665
2010--2015,2010,Israel,ISR,829.197,210.101,19.497
2010--2015,2010,Jordan,JOR,1158.844,157.209,975.285
2010--2015,2010,Kuwait,KWT,312.459,44.746,670
2010--2015,2010,Lebanon,LBN,381.389,117.05,1250
2010--2015,2010,Oman,OMN,389.746,48.892,817.5
2010--2015,2010,Qatar,QAT,115.791,15.927,602
2010--2015,2010,Saudi Arabia,SAU,3062.869,521.413,1590
2010--2015,2010,State of Palestine,PSE,717.491,77.685,-43.751
2010--2015,2010,Syrian Arab Republic,SYR,2412.87,538.823,-4157.896
2010--2015,2010,Turkey,TUR,6511.903,2194.516,1627.172
2010--2015,2010,United Arab Emirates,ARE,468.768,65.144,480
2010--2015,2010,Yemen,YEM,4243.524,859.09,-75.01
2010--2015,2010,Belarus,BLR,572.183,635.276,75.799
2010--2015,2010,Bulgaria,BGR,342.416,545.141,-24.472
2010--2015,2010,Czech Republic,CZE,552.047,544.569,59.997
2010--2015,2010,Hungary,HUN,447.403,621.317,29.999
2010--2015,2010,Poland,POL,1914.196,1898.382,-73.997
2010--2015,2010,Republic of Moldova,MDA,222.379,231.352,-9.529
2010--2015,2010,Romania,ROU,989.809,1253.533,-299.997
2010--2015,2010,Russian Federation,RUS,9313.276,9597.031,1017.884
2010--2015,2010,Slovakia,SVK,285.286,261.613,11.346
2010--2015,2010,Ukraine,UKR,2444.029,3378.829,-200
2010--2015,2010,Channel Islands,CHI,7.727,7.205,3.654
2010--2015,2010,Denmark,DNK,292.728,265.721,106.841
2010--2015,2010,Estonia,EST,71.181,77.442,-10.516
2010--2015,2010,Finland,FIN,292.788,258.024,81.416
2010--2015,2010,Iceland,ISL,22.481,10.409,-2.163
2010--2015,2010,Ireland,IRL,358.493,145.313,-139.996
2010--2015,2010,Latvia,LVA,104.345,147.207,-83.325
2010--2015,2010,Lithuania,LTU,158.055,203.716,-146.217
2010--2015,2010,Norway,NOR,298.829,206.69,221.814
2010--2015,2010,Sweden,SWE,573.474,454.036,253.958
2010--2015,2010,United Kingdom,GBR,3999.627,2899.392,990
2010--2015,2010,Albania,ALB,176.621,100.368,-93.425
2010--2015,2010,Bosnia and Herzegovina,BIH,164.63,189.38,-161.371
2010--2015,2010,Croatia,HRV,206.105,265.468,-32.772
2010--2015,2010,Greece,GRC,509.145,575.55,-161.799
2010--2015,2010,Italy,ITA,2556.543,3046.277,264.145
2010--2015,2010,Malta,MLT,20.419,18.36,9.447
2010--2015,2010,Montenegro,MNE,37.417,30.417,-3.112
2010--2015,2010,Portugal,PRT,446.647,540.502,-140
2010--2015,2010,Serbia,SRB,476.043,554.487,-99.999
2010--2015,2010,Slovenia,SVN,108.008,94.961,16.571
2010--2015,2010,Spain,ESP,2178.802,1999.765,-570
2010--2015,2010,TFYR Macedonia,MKD,117.163,99.737,-8.853
2010--2015,2010,Austria,AUT,403.513,401.968,267.172
2010--2015,2010,Belgium,BEL,634.763,544.242,258.672
2010--2015,2010,France,FRA,3866.151,2797.409,361.722
2010--2015,2010,Germany,DEU,3467.663,4431.789,1777.126
2010--2015,2010,Luxembourg,LUX,29.978,19.829,48.704
2010--2015,2010,Netherlands,NLD,889.261,696.369,62.687
2010--2015,2010,Switzerland,CHE,417.009,326.474,397.267
2010--2015,2010,Antigua and Barbuda,ATG,8.162,2.841,-0.056
2010--2015,2010,Aruba,ABW,5.695,4.272,1.253
2010--2015,2010,Bahamas,BHS,27.64,11.305,9.672
2010--2015,2010,Barbados,BRB,17.243,14.774,2.18
2010--2015,2010,Cuba,CUB,637.115,435.47,-73.271
2010--2015,2010,Curacao,CUW,9.828,6.245,6.817
2010--2015,2010,Dominican Republic,DOM,1091.848,308.43,-153.01
2010--2015,2010,Grenada,GRD,10.241,3.819,-4.274
2010--2015,2010,Guadeloupe,GLP,26.84,17.142,-10.005
2010--2015,2010,Haiti,HTI,1320.438,458.988,-150
2010--2015,2010,Jamaica,JAM,244.965,97.155,-93.096
2010--2015,2010,Martinique,MTQ,23.476,15.768,-16.772
2010--2015,2010,Puerto Rico,PRI,206.837,146.268,-103.53
2010--2015,2010,Saint Lucia,LCA,11.02,6.435,0.04
2010--2015,2010,Saint Vincent and the Grenadines,VCT,8.985,3.839,-5
2010--2015,2010,Trinidad and Tobago,TTO,99.027,62.034,-4.999
2010--2015,2010,United States Virgin Islands,VIR,7.372,4.043,-4.501
2010--2015,2010,Belize,BLZ,39.587,9.503,7.594
2010--2015,2010,Costa Rica,CRI,353.839,110.92,19.658
2010--2015,2010,El Salvador,SLV,594.742,206.471,-240.415
2010--2015,2010,Guatemala,GTM,2055.174,383.032,-50.131
2010--2015,2010,Honduras,HND,988.085,207.035,-15.001
2010--2015,2010,Mexico,MEX,11767.045,2895.037,-300
2010--2015,2010,Nicaragua,NIC,620.154,140.844,-135
2010--2015,2010,Panama,PAN,392.137,94.215,28.105
2010--2015,2010,Argentina,ARG,3770.839,1606.961,30
2010--2015,2010,Bolivia (Plurinational State of),BOL,1258.165,389.911,-61.794
2010--2015,2010,Brazil,BRA,15128.756,5978.843,15.924
2010--2015,2010,Chile,CHL,1205.137,516.627,80.82
2010--2015,2010,Colombia,COL,3820.45,1364.849,-144.998
2010--2015,2010,Ecuador,ECU,1648.239,400.567,-38.001
2010--2015,2010,French Guiana,GUF,32.412,3.895,6
2010--2015,2010,Guyana,GUY,79.741,30.505,-27.278
2010--2015,2010,Paraguay,PRY,695.732,179.786,-86.7
2010--2015,2010,Peru,PER,3098.142,855.116,-240
2010--2015,2010,Suriname,SUR,51.387,19.273,-5
2010--2015,2010,Uruguay,URY,245.595,158.454,-30
2010--2015,2010,Venezuela (Bolivarian Republic of),VEN,3019.141,822.921,-69.121
2010--2015,2010,Canada,CAN,1918.854,1283.537,1145.721
2010--2015,2010,United States of America,USA,19699.07,12911.299,4500
2010--2015,2010,Australia,AUS,1524.935,758.552,913.107
2010--2015,2010,New Zealand,NZL,307.748,154.174,90.895
2010--2015,2010,Fiji,FJI,90.557,29.644,-28.72
2010--2015,2010,New Caledonia,NCL,21.172,8.773,5.66
2010--2015,2010,Papua New Guinea,PNG,1083.364,270.783,-1.001
2010--2015,2010,Solomon Islands,SLB,85.826,14.265,-11.868
2010--2015,2010,Vanuatu,VUT,33.746,6.049,0.604
2010--2015,2010,Guam,GUM,13.86,3.907,-7.594
2010--2015,2010,Kiribati,KIR,15.697,3.806,-2.13
2010--2015,2010,Micronesia (Fed. States of),FSM,12.255,3.248,-8.192
2010--2015,2010,French Polynesia,PYF,21.957,7.088,-4.998
2010--2015,2010,Samoa,WSM,25.043,4.805,-12.69
2010--2015,2010,Tonga,TON,13.512,3.203,-8.078
