Country,Year,Weapons
2,1946,3
2,1947,3
2,1948,3
2,1949,3
2,1950,3
2,1951,3
2,1952,3
2,1953,3
2,1954,3
2,1955,3
2,1956,3
2,1957,3
2,1958,3
2,1959,3
2,1960,3
2,1961,3
2,1962,3
2,1963,3
2,1964,3
2,1965,3
2,1966,3
2,1967,3
2,1968,3
2,1969,3
2,1970,3
2,1971,3
2,1972,3
2,1973,3
2,1974,3
2,1975,3
2,1976,3
2,1977,3
2,1978,3
2,1979,3
2,1980,3
2,1981,3
2,1982,3
2,1983,3
2,1984,3
2,1985,3
2,1986,3
2,1987,3
2,1988,3
2,1989,3
2,1990,3
2,1991,3
2,1992,3
2,1993,3
2,1994,3
2,1995,3
2,1996,3
2,1997,3
2,1998,3
2,1999,3
2,2000,3
20,1945,0
20,1946,0
20,1947,0
20,1948,0
20,1949,0
20,1950,0
20,1951,0
20,1952,0
20,1953,0
20,1954,0
20,1955,0
20,1956,0
20,1957,0
20,1958,0
20,1959,0
20,1960,0
20,1961,0
20,1962,0
20,1963,0
20,1964,0
20,1965,0
20,1966,0
20,1967,0
20,1968,0
20,1969,0
20,1970,0
20,1971,0
20,1972,0
20,1973,0
20,1974,0
20,1975,0
20,1976,0
20,1977,0
20,1978,0
20,1979,0
20,1980,0
20,1981,0
20,1982,0
20,1983,0
20,1984,0
20,1985,0
20,1986,0
20,1987,0
20,1988,0
20,1989,0
20,1990,0
20,1991,0
20,1992,0
20,1993,0
20,1994,0
20,1995,0
20,1996,0
20,1997,0
20,1998,0
20,1999,0
20,2000,0
31,1973,0
31,1974,0
31,1975,0
31,1976,0
31,1977,0
31,1978,0
31,1979,0
31,1980,0
31,1981,0
31,1982,0
31,1983,0
31,1984,0
31,1985,0
31,1986,0
31,1987,0
31,1988,0
31,1989,0
31,1990,0
31,1991,0
31,1992,0
31,1993,0
31,1994,0
31,1995,0
31,1996,0
31,1997,0
31,1998,0
31,1999,0
31,2000,0
40,1945,0
40,1946,0
40,1947,0
40,1948,0
40,1949,0
40,1950,0
40,1951,0
40,1952,0
40,1953,0
40,1954,0
40,1955,0
40,1956,0
40,1957,0
40,1958,0
40,1959,0
40,1960,0
40,1961,0
40,1962,0
40,1963,0
40,1964,0
40,1965,0
40,1966,0
40,1967,0
40,1968,0
40,1969,0
40,1970,0
40,1971,0
40,1972,0
40,1973,0
40,1974,0
40,1975,0
40,1976,0
40,1977,0
40,1978,0
40,1979,0
40,1980,0
40,1981,0
40,1982,0
40,1983,0
40,1984,0
40,1985,0
40,1986,0
40,1987,0
40,1988,0
40,1989,0
40,1990,0
40,1991,0
40,1992,0
40,1993,0
40,1994,0
40,1995,0
40,1996,0
40,1997,0
40,1998,0
40,1999,0
40,2000,0
41,1945,0
41,1946,0
41,1947,0
41,1948,0
41,1949,0
41,1950,0
41,1951,0
41,1952,0
41,1953,0
41,1954,0
41,1955,0
41,1956,0
41,1957,0
41,1958,0
41,1959,0
41,1960,0
41,1961,0
41,1962,0
41,1963,0
41,1964,0
41,1965,0
41,1966,0
41,1967,0
41,1968,0
41,1969,0
41,1970,0
41,1971,0
41,1972,0
41,1973,0
41,1974,0
41,1975,0
41,1976,0
41,1977,0
41,1978,0
41,1979,0
41,1980,0
41,1981,0
41,1982,0
41,1983,0
41,1984,0
41,1985,0
41,1986,0
41,1987,0
41,1988,0
41,1989,0
41,1990,0
41,1991,0
41,1992,0
41,1993,0
41,1994,0
41,1995,0
41,1996,0
41,1997,0
41,1998,0
41,1999,0
41,2000,0
42,1945,0
42,1946,0
42,1947,0
42,1948,0
42,1949,0
42,1950,0
42,1951,0
42,1952,0
42,1953,0
42,1954,0
42,1955,0
42,1956,0
42,1957,0
42,1958,0
42,1959,0
42,1960,0
42,1961,0
42,1962,0
42,1963,0
42,1964,0
42,1965,0
42,1966,0
42,1967,0
42,1968,0
42,1969,0
42,1970,0
42,1971,0
42,1972,0
42,1973,0
42,1974,0
42,1975,0
42,1976,0
42,1977,0
42,1978,0
42,1979,0
42,1980,0
42,1981,0
42,1982,0
42,1983,0
42,1984,0
42,1985,0
42,1986,0
42,1987,0
42,1988,0
42,1989,0
42,1990,0
42,1991,0
42,1992,0
42,1993,0
42,1994,0
42,1995,0
42,1996,0
42,1997,0
42,1998,0
42,1999,0
42,2000,0
51,1962,0
51,1963,0
51,1964,0
51,1965,0
51,1966,0
51,1967,0
51,1968,0
51,1969,0
51,1970,0
51,1971,0
51,1972,0
51,1973,0
51,1974,0
51,1975,0
51,1976,0
51,1977,0
51,1978,0
51,1979,0
51,1980,0
51,1981,0
51,1982,0
51,1983,0
51,1984,0
51,1985,0
51,1986,0
51,1987,0
51,1988,0
51,1989,0
51,1990,0
51,1991,0
51,1992,0
51,1993,0
51,1994,0
51,1995,0
51,1996,0
51,1997,0
51,1998,0
51,1999,0
51,2000,0
52,1962,0
52,1963,0
52,1964,0
52,1965,0
52,1966,0
52,1967,0
52,1968,0
52,1969,0
52,1970,0
52,1971,0
52,1972,0
52,1973,0
52,1974,0
52,1975,0
52,1976,0
52,1977,0
52,1978,0
52,1979,0
52,1980,0
52,1981,0
52,1982,0
52,1983,0
52,1984,0
52,1985,0
52,1986,0
52,1987,0
52,1988,0
52,1989,0
52,1990,0
52,1991,0
52,1992,0
52,1993,0
52,1994,0
52,1995,0
52,1996,0
52,1997,0
52,1998,0
52,1999,0
52,2000,0
53,1966,0
53,1967,0
53,1968,0
53,1969,0
53,1970,0
53,1971,0
53,1972,0
53,1973,0
53,1974,0
53,1975,0
53,1976,0
53,1977,0
53,1978,0
53,1979,0
53,1980,0
53,1981,0
53,1982,0
53,1983,0
53,1984,0
53,1985,0
53,1986,0
53,1987,0
53,1988,0
53,1989,0
53,1990,0
53,1991,0
53,1992,0
53,1993,0
53,1994,0
53,1995,0
53,1996,0
53,1997,0
53,1998,0
53,1999,0
53,2000,0
54,1978,0
54,1979,0
54,1980,0
54,1981,0
54,1982,0
54,1983,0
54,1984,0
54,1985,0
54,1986,0
54,1987,0
54,1988,0
54,1989,0
54,1990,0
54,1991,0
54,1992,0
54,1993,0
54,1994,0
54,1995,0
54,1996,0
54,1997,0
54,1998,0
54,1999,0
54,2000,0
55,1974,0
55,1975,0
55,1976,0
55,1977,0
55,1978,0
55,1979,0
55,1980,0
55,1981,0
55,1982,0
55,1983,0
55,1984,0
55,1985,0
55,1986,0
55,1987,0
55,1988,0
55,1989,0
55,1990,0
55,1991,0
55,1992,0
55,1993,0
55,1994,0
55,1995,0
55,1996,0
55,1997,0
55,1998,0
55,1999,0
55,2000,0
56,1979,0
56,1980,0
56,1981,0
56,1982,0
56,1983,0
56,1984,0
56,1985,0
56,1986,0
56,1987,0
56,1988,0
56,1989,0
56,1990,0
56,1991,0
56,1992,0
56,1993,0
56,1994,0
56,1995,0
56,1996,0
56,1997,0
56,1998,0
56,1999,0
56,2000,0
57,1979,0
57,1980,0
57,1981,0
57,1982,0
57,1983,0
57,1984,0
57,1985,0
57,1986,0
57,1987,0
57,1988,0
57,1989,0
57,1990,0
57,1991,0
57,1992,0
57,1993,0
57,1994,0
57,1995,0
57,1996,0
57,1997,0
57,1998,0
57,1999,0
57,2000,0
58,1981,0
58,1982,0
58,1983,0
58,1984,0
58,1985,0
58,1986,0
58,1987,0
58,1988,0
58,1989,0
58,1990,0
58,1991,0
58,1992,0
58,1993,0
58,1994,0
58,1995,0
58,1996,0
58,1997,0
58,1998,0
58,1999,0
58,2000,0
60,1978,0
60,1979,0
60,1980,0
60,1981,0
60,1982,0
60,1983,0
60,1984,0
60,1985,0
60,1986,0
60,1987,0
60,1988,0
60,1989,0
60,1990,0
60,1991,0
60,1992,0
60,1993,0
60,1994,0
60,1995,0
60,1996,0
60,1997,0
60,1998,0
60,1999,0
60,2000,0
70,1945,0
70,1946,0
70,1947,0
70,1948,0
70,1949,0
70,1950,0
70,1951,0
70,1952,0
70,1953,0
70,1954,0
70,1955,0
70,1956,0
70,1957,0
70,1958,0
70,1959,0
70,1960,0
70,1961,0
70,1962,0
70,1963,0
70,1964,0
70,1965,0
70,1966,0
70,1967,0
70,1968,0
70,1969,0
70,1970,0
70,1971,0
70,1972,0
70,1973,0
70,1974,0
70,1975,0
70,1976,0
70,1977,0
70,1978,0
70,1979,0
70,1980,0
70,1981,0
70,1982,0
70,1983,0
70,1984,0
70,1985,0
70,1986,0
70,1987,0
70,1988,0
70,1989,0
70,1990,0
70,1991,0
70,1992,0
70,1993,0
70,1994,0
70,1995,0
70,1996,0
70,1997,0
70,1998,0
70,1999,0
70,2000,0
80,1981,0
80,1982,0
80,1983,0
80,1984,0
80,1985,0
80,1986,0
80,1987,0
80,1988,0
80,1989,0
80,1990,0
80,1991,0
80,1992,0
80,1993,0
80,1994,0
80,1995,0
80,1996,0
80,1997,0
80,1998,0
80,1999,0
80,2000,0
90,1945,0
90,1946,0
90,1947,0
90,1948,0
90,1949,0
90,1950,0
90,1951,0
90,1952,0
90,1953,0
90,1954,0
90,1955,0
90,1956,0
90,1957,0
90,1958,0
90,1959,0
90,1960,0
90,1961,0
90,1962,0
90,1963,0
90,1964,0
90,1965,0
90,1966,0
90,1967,0
90,1968,0
90,1969,0
90,1970,0
90,1971,0
90,1972,0
90,1973,0
90,1974,0
90,1975,0
90,1976,0
90,1977,0
90,1978,0
90,1979,0
90,1980,0
90,1981,0
90,1982,0
90,1983,0
90,1984,0
90,1985,0
90,1986,0
90,1987,0
90,1988,0
90,1989,0
90,1990,0
90,1991,0
90,1992,0
90,1993,0
90,1994,0
90,1995,0
90,1996,0
90,1997,0
90,1998,0
90,1999,0
90,2000,0
91,1945,0
91,1946,0
91,1947,0
91,1948,0
91,1949,0
91,1950,0
91,1951,0
91,1952,0
91,1953,0
91,1954,0
91,1955,0
91,1956,0
91,1957,0
91,1958,0
91,1959,0
91,1960,0
91,1961,0
91,1962,0
91,1963,0
91,1964,0
91,1965,0
91,1966,0
91,1967,0
91,1968,0
91,1969,0
91,1970,0
91,1971,0
91,1972,0
91,1973,0
91,1974,0
91,1975,0
91,1976,0
91,1977,0
91,1978,0
91,1979,0
91,1980,0
91,1981,0
91,1982,0
91,1983,0
91,1984,0
91,1985,0
91,1986,0
91,1987,0
91,1988,0
91,1989,0
91,1990,0
91,1991,0
91,1992,0
91,1993,0
91,1994,0
91,1995,0
91,1996,0
91,1997,0
91,1998,0
91,1999,0
91,2000,0
92,1945,0
92,1946,0
92,1947,0
92,1948,0
92,1949,0
92,1950,0
92,1951,0
92,1952,0
92,1953,0
92,1954,0
92,1955,0
92,1956,0
92,1957,0
92,1958,0
92,1959,0
92,1960,0
92,1961,0
92,1962,0
92,1963,0
92,1964,0
92,1965,0
92,1966,0
92,1967,0
92,1968,0
92,1969,0
92,1970,0
92,1971,0
92,1972,0
92,1973,0
92,1974,0
92,1975,0
92,1976,0
92,1977,0
92,1978,0
92,1979,0
92,1980,0
92,1981,0
92,1982,0
92,1983,0
92,1984,0
92,1985,0
92,1986,0
92,1987,0
92,1988,0
92,1989,0
92,1990,0
92,1991,0
92,1992,0
92,1993,0
92,1994,0
92,1995,0
92,1996,0
92,1997,0
92,1998,0
92,1999,0
92,2000,0
93,1945,0
93,1946,0
93,1947,0
93,1948,0
93,1949,0
93,1950,0
93,1951,0
93,1952,0
93,1953,0
93,1954,0
93,1955,0
93,1956,0
93,1957,0
93,1958,0
93,1959,0
93,1960,0
93,1961,0
93,1962,0
93,1963,0
93,1964,0
93,1965,0
93,1966,0
93,1967,0
93,1968,0
93,1969,0
93,1970,0
93,1971,0
93,1972,0
93,1973,0
93,1974,0
93,1975,0
93,1976,0
93,1977,0
93,1978,0
93,1979,0
93,1980,0
93,1981,0
93,1982,0
93,1983,0
93,1984,0
93,1985,0
93,1986,0
93,1987,0
93,1988,0
93,1989,0
93,1990,0
93,1991,0
93,1992,0
93,1993,0
93,1994,0
93,1995,0
93,1996,0
93,1997,0
93,1998,0
93,1999,0
93,2000,0
94,1945,0
94,1946,0
94,1947,0
94,1948,0
94,1949,0
94,1950,0
94,1951,0
94,1952,0
94,1953,0
94,1954,0
94,1955,0
94,1956,0
94,1957,0
94,1958,0
94,1959,0
94,1960,0
94,1961,0
94,1962,0
94,1963,0
94,1964,0
94,1965,0
94,1966,0
94,1967,0
94,1968,0
94,1969,0
94,1970,0
94,1971,0
94,1972,0
94,1973,0
94,1974,0
94,1975,0
94,1976,0
94,1977,0
94,1978,0
94,1979,0
94,1980,0
94,1981,0
94,1982,0
94,1983,0
94,1984,0
94,1985,0
94,1986,0
94,1987,0
94,1988,0
94,1989,0
94,1990,0
94,1991,0
94,1992,0
94,1993,0
94,1994,0
94,1995,0
94,1996,0
94,1997,0
94,1998,0
94,1999,0
94,2000,0
95,1945,0
95,1946,0
95,1947,0
95,1948,0
95,1949,0
95,1950,0
95,1951,0
95,1952,0
95,1953,0
95,1954,0
95,1955,0
95,1956,0
95,1957,0
95,1958,0
95,1959,0
95,1960,0
95,1961,0
95,1962,0
95,1963,0
95,1964,0
95,1965,0
95,1966,0
95,1967,0
95,1968,0
95,1969,0
95,1970,0
95,1971,0
95,1972,0
95,1973,0
95,1974,0
95,1975,0
95,1976,0
95,1977,0
95,1978,0
95,1979,0
95,1980,0
95,1981,0
95,1982,0
95,1983,0
95,1984,0
95,1985,0
95,1986,0
95,1987,0
95,1988,0
95,1989,0
95,1990,0
95,1991,0
95,1992,0
95,1993,0
95,1994,0
95,1995,0
95,1996,0
95,1997,0
95,1998,0
95,1999,0
95,2000,0
100,1945,0
100,1946,0
100,1947,0
100,1948,0
100,1949,0
100,1950,0
100,1951,0
100,1952,0
100,1953,0
100,1954,0
100,1955,0
100,1956,0
100,1957,0
100,1958,0
100,1959,0
100,1960,0
100,1961,0
100,1962,0
100,1963,0
100,1964,0
100,1965,0
100,1966,0
100,1967,0
100,1968,0
100,1969,0
100,1970,0
100,1971,0
100,1972,0
100,1973,0
100,1974,0
100,1975,0
100,1976,0
100,1977,0
100,1978,0
100,1979,0
100,1980,0
100,1981,0
100,1982,0
100,1983,0
100,1984,0
100,1985,0
100,1986,0
100,1987,0
100,1988,0
100,1989,0
100,1990,0
100,1991,0
100,1992,0
100,1993,0
100,1994,0
100,1995,0
100,1996,0
100,1997,0
100,1998,0
100,1999,0
100,2000,0
101,1945,0
101,1946,0
101,1947,0
101,1948,0
101,1949,0
101,1950,0
101,1951,0
101,1952,0
101,1953,0
101,1954,0
101,1955,0
101,1956,0
101,1957,0
101,1958,0
101,1959,0
101,1960,0
101,1961,0
101,1962,0
101,1963,0
101,1964,0
101,1965,0
101,1966,0
101,1967,0
101,1968,0
101,1969,0
101,1970,0
101,1971,0
101,1972,0
101,1973,0
101,1974,0
101,1975,0
101,1976,0
101,1977,0
101,1978,0
101,1979,0
101,1980,0
101,1981,0
101,1982,0
101,1983,0
101,1984,0
101,1985,0
101,1986,0
101,1987,0
101,1988,0
101,1989,0
101,1990,0
101,1991,0
101,1992,0
101,1993,0
101,1994,0
101,1995,0
101,1996,0
101,1997,0
101,1998,0
101,1999,0
101,2000,0
110,1966,0
110,1967,0
110,1968,0
110,1969,0
110,1970,0
110,1971,0
110,1972,0
110,1973,0
110,1974,0
110,1975,0
110,1976,0
110,1977,0
110,1978,0
110,1979,0
110,1980,0
110,1981,0
110,1982,0
110,1983,0
110,1984,0
110,1985,0
110,1986,0
110,1987,0
110,1988,0
110,1989,0
110,1990,0
110,1991,0
110,1992,0
110,1993,0
110,1994,0
110,1995,0
110,1996,0
110,1997,0
110,1998,0
110,1999,0
110,2000,0
115,1975,0
115,1976,0
115,1977,0
115,1978,0
115,1979,0
115,1980,0
115,1981,0
115,1982,0
115,1983,0
115,1984,0
115,1985,0
115,1986,0
115,1987,0
115,1988,0
115,1989,0
115,1990,0
115,1991,0
115,1992,0
115,1993,0
115,1994,0
115,1995,0
115,1996,0
115,1997,0
115,1998,0
115,1999,0
115,2000,0
130,1945,0
130,1946,0
130,1947,0
130,1948,0
130,1949,0
130,1950,0
130,1951,0
130,1952,0
130,1953,0
130,1954,0
130,1955,0
130,1956,0
130,1957,0
130,1958,0
130,1959,0
130,1960,0
130,1961,0
130,1962,0
130,1963,0
130,1964,0
130,1965,0
130,1966,0
130,1967,0
130,1968,0
130,1969,0
130,1970,0
130,1971,0
130,1972,0
130,1973,0
130,1974,0
130,1975,0
130,1976,0
130,1977,0
130,1978,0
130,1979,0
130,1980,0
130,1981,0
130,1982,0
130,1983,0
130,1984,0
130,1985,0
130,1986,0
130,1987,0
130,1988,0
130,1989,0
130,1990,0
130,1991,0
130,1992,0
130,1993,0
130,1994,0
130,1995,0
130,1996,0
130,1997,0
130,1998,0
130,1999,0
130,2000,0
135,1945,0
135,1946,0
135,1947,0
135,1948,0
135,1949,0
135,1950,0
135,1951,0
135,1952,0
135,1953,0
135,1954,0
135,1955,0
135,1956,0
135,1957,0
135,1958,0
135,1959,0
135,1960,0
135,1961,0
135,1962,0
135,1963,0
135,1964,0
135,1965,0
135,1966,0
135,1967,0
135,1968,0
135,1969,0
135,1970,0
135,1971,0
135,1972,0
135,1973,0
135,1974,0
135,1975,0
135,1976,0
135,1977,0
135,1978,0
135,1979,0
135,1980,0
135,1981,0
135,1982,0
135,1983,0
135,1984,0
135,1985,0
135,1986,0
135,1987,0
135,1988,0
135,1989,0
135,1990,0
135,1991,0
135,1992,0
135,1993,0
135,1994,0
135,1995,0
135,1996,0
135,1997,0
135,1998,0
135,1999,0
135,2000,0
140,1945,0
140,1946,0
140,1947,0
140,1948,0
140,1949,0
140,1950,0
140,1951,0
140,1952,0
140,1953,1
140,1954,1
140,1955,1
140,1956,1
140,1957,1
140,1958,1
140,1959,1
140,1960,1
140,1961,1
140,1962,1
140,1963,1
140,1964,1
140,1965,1
140,1966,1
140,1967,1
140,1968,1
140,1969,1
140,1970,1
140,1971,1
140,1972,1
140,1973,1
140,1974,1
140,1975,1
140,1976,1
140,1977,1
140,1978,2
140,1979,2
140,1980,2
140,1981,2
140,1982,2
140,1983,2
140,1984,2
140,1985,2
140,1986,2
140,1987,2
140,1988,2
140,1989,2
140,1990,2
140,1991,0
140,1992,0
140,1993,0
140,1994,0
140,1995,0
140,1996,0
140,1997,0
140,1998,0
140,1999,0
140,2000,0
145,1945,0
145,1946,0
145,1947,0
145,1948,0
145,1949,0
145,1950,0
145,1951,0
145,1952,0
145,1953,0
145,1954,0
145,1955,0
145,1956,0
145,1957,0
145,1958,0
145,1959,0
145,1960,0
145,1961,0
145,1962,0
145,1963,0
145,1964,0
145,1965,0
145,1966,0
145,1967,0
145,1968,0
145,1969,0
145,1970,0
145,1971,0
145,1972,0
145,1973,0
145,1974,0
145,1975,0
145,1976,0
145,1977,0
145,1978,0
145,1979,0
145,1980,0
145,1981,0
145,1982,0
145,1983,0
145,1984,0
145,1985,0
145,1986,0
145,1987,0
145,1988,0
145,1989,0
145,1990,0
145,1991,0
145,1992,0
145,1993,0
145,1994,0
145,1995,0
145,1996,0
145,1997,0
145,1998,0
145,1999,0
145,2000,0
150,1945,0
150,1946,0
150,1947,0
150,1948,0
150,1949,0
150,1950,0
150,1951,0
150,1952,0
150,1953,0
150,1954,0
150,1955,0
150,1956,0
150,1957,0
150,1958,0
150,1959,0
150,1960,0
150,1961,0
150,1962,0
150,1963,0
150,1964,0
150,1965,0
150,1966,0
150,1967,0
150,1968,0
150,1969,0
150,1970,0
150,1971,0
150,1972,0
150,1973,0
150,1974,0
150,1975,0
150,1976,0
150,1977,0
150,1978,0
150,1979,0
150,1980,0
150,1981,0
150,1982,0
150,1983,0
150,1984,0
150,1985,0
150,1986,0
150,1987,0
150,1988,0
150,1989,0
150,1990,0
150,1991,0
150,1992,0
150,1993,0
150,1994,0
150,1995,0
150,1996,0
150,1997,0
150,1998,0
150,1999,0
150,2000,0
155,1945,0
155,1946,0
155,1947,0
155,1948,0
155,1949,0
155,1950,0
155,1951,0
155,1952,0
155,1953,0
155,1954,0
155,1955,0
155,1956,0
155,1957,0
155,1958,0
155,1959,0
155,1960,0
155,1961,0
155,1962,0
155,1963,0
155,1964,0
155,1965,0
155,1966,0
155,1967,0
155,1968,0
155,1969,0
155,1970,0
155,1971,0
155,1972,0
155,1973,0
155,1974,0
155,1975,0
155,1976,0
155,1977,0
155,1978,0
155,1979,0
155,1980,0
155,1981,0
155,1982,0
155,1983,0
155,1984,0
155,1985,0
155,1986,0
155,1987,0
155,1988,0
155,1989,0
155,1990,0
155,1991,0
155,1992,0
155,1993,0
155,1994,0
155,1995,0
155,1996,0
155,1997,0
155,1998,0
155,1999,0
155,2000,0
160,1945,0
160,1946,0
160,1947,0
160,1948,0
160,1949,0
160,1950,0
160,1951,0
160,1952,0
160,1953,0
160,1954,0
160,1955,0
160,1956,0
160,1957,0
160,1958,0
160,1959,0
160,1960,0
160,1961,0
160,1962,0
160,1963,0
160,1964,0
160,1965,0
160,1966,0
160,1967,0
160,1968,1
160,1969,1
160,1970,1
160,1971,1
160,1972,1
160,1973,1
160,1974,1
160,1975,1
160,1976,1
160,1977,1
160,1978,2
160,1979,2
160,1980,2
160,1981,2
160,1982,2
160,1983,2
160,1984,2
160,1985,2
160,1986,2
160,1987,2
160,1988,2
160,1989,2
160,1990,2
160,1991,0
160,1992,0
160,1993,0
160,1994,0
160,1995,0
160,1996,0
160,1997,0
160,1998,0
160,1999,0
160,2000,0
165,1945,0
165,1946,0
165,1947,0
165,1948,0
165,1949,0
165,1950,0
165,1951,0
165,1952,0
165,1953,0
165,1954,0
165,1955,0
165,1956,0
165,1957,0
165,1958,0
165,1959,0
165,1960,0
165,1961,0
165,1962,0
165,1963,0
165,1964,0
165,1965,0
165,1966,0
165,1967,0
165,1968,0
165,1969,0
165,1970,0
165,1971,0
165,1972,0
165,1973,0
165,1974,0
165,1975,0
165,1976,0
165,1977,0
165,1978,0
165,1979,0
165,1980,0
165,1981,0
165,1982,0
165,1983,0
165,1984,0
165,1985,0
165,1986,0
165,1987,0
165,1988,0
165,1989,0
165,1990,0
165,1991,0
165,1992,0
165,1993,0
165,1994,0
165,1995,0
165,1996,0
165,1997,0
165,1998,0
165,1999,0
165,2000,0
200,1945,1
200,1946,1
200,1947,2
200,1948,2
200,1949,2
200,1950,2
200,1951,2
200,1952,3
200,1953,3
200,1954,3
200,1955,3
200,1956,3
200,1957,3
200,1958,3
200,1959,3
200,1960,3
200,1961,3
200,1962,3
200,1963,3
200,1964,3
200,1965,3
200,1966,3
200,1967,3
200,1968,3
200,1969,3
200,1970,3
200,1971,3
200,1972,3
200,1973,3
200,1974,3
200,1975,3
200,1976,3
200,1977,3
200,1978,3
200,1979,3
200,1980,3
200,1981,3
200,1982,3
200,1983,3
200,1984,3
200,1985,3
200,1986,3
200,1987,3
200,1988,3
200,1989,3
200,1990,3
200,1991,3
200,1992,3
200,1993,3
200,1994,3
200,1995,3
200,1996,3
200,1997,3
200,1998,3
200,1999,3
200,2000,3
205,1945,0
205,1946,0
205,1947,0
205,1948,0
205,1949,0
205,1950,0
205,1951,0
205,1952,0
205,1953,0
205,1954,0
205,1955,0
205,1956,0
205,1957,0
205,1958,0
205,1959,0
205,1960,0
205,1961,0
205,1962,0
205,1963,0
205,1964,0
205,1965,0
205,1966,0
205,1967,0
205,1968,0
205,1969,0
205,1970,0
205,1971,0
205,1972,0
205,1973,0
205,1974,0
205,1975,0
205,1976,0
205,1977,0
205,1978,0
205,1979,0
205,1980,0
205,1981,0
205,1982,0
205,1983,0
205,1984,0
205,1985,0
205,1986,0
205,1987,0
205,1988,0
205,1989,0
205,1990,0
205,1991,0
205,1992,0
205,1993,0
205,1994,0
205,1995,0
205,1996,0
205,1997,0
205,1998,0
205,1999,0
205,2000,0
210,1945,0
210,1946,0
210,1947,0
210,1948,0
210,1949,0
210,1950,0
210,1951,0
210,1952,0
210,1953,0
210,1954,0
210,1955,0
210,1956,0
210,1957,0
210,1958,0
210,1959,0
210,1960,0
210,1961,0
210,1962,0
210,1963,0
210,1964,0
210,1965,0
210,1966,0
210,1967,0
210,1968,0
210,1969,0
210,1970,0
210,1971,0
210,1972,0
210,1973,0
210,1974,0
210,1975,0
210,1976,0
210,1977,0
210,1978,0
210,1979,0
210,1980,0
210,1981,0
210,1982,0
210,1983,0
210,1984,0
210,1985,0
210,1986,0
210,1987,0
210,1988,0
210,1989,0
210,1990,0
210,1991,0
210,1992,0
210,1993,0
210,1994,0
210,1995,0
210,1996,0
210,1997,0
210,1998,0
210,1999,0
210,2000,0
211,1945,0
211,1946,0
211,1947,0
211,1948,0
211,1949,0
211,1950,0
211,1951,0
211,1952,0
211,1953,0
211,1954,0
211,1955,0
211,1956,0
211,1957,0
211,1958,0
211,1959,0
211,1960,0
211,1961,0
211,1962,0
211,1963,0
211,1964,0
211,1965,0
211,1966,0
211,1967,0
211,1968,0
211,1969,0
211,1970,0
211,1971,0
211,1972,0
211,1973,0
211,1974,0
211,1975,0
211,1976,0
211,1977,0
211,1978,0
211,1979,0
211,1980,0
211,1981,0
211,1982,0
211,1983,0
211,1984,0
211,1985,0
211,1986,0
211,1987,0
211,1988,0
211,1989,0
211,1990,0
211,1991,0
211,1992,0
211,1993,0
211,1994,0
211,1995,0
211,1996,0
211,1997,0
211,1998,0
211,1999,0
211,2000,0
212,1945,0
212,1946,0
212,1947,0
212,1948,0
212,1949,0
212,1950,0
212,1951,0
212,1952,0
212,1953,0
212,1954,0
212,1955,0
212,1956,0
212,1957,0
212,1958,0
212,1959,0
212,1960,0
212,1961,0
212,1962,0
212,1963,0
212,1964,0
212,1965,0
212,1966,0
212,1967,0
212,1968,0
212,1969,0
212,1970,0
212,1971,0
212,1972,0
212,1973,0
212,1974,0
212,1975,0
212,1976,0
212,1977,0
212,1978,0
212,1979,0
212,1980,0
212,1981,0
212,1982,0
212,1983,0
212,1984,0
212,1985,0
212,1986,0
212,1987,0
212,1988,0
212,1989,0
212,1990,0
212,1991,0
212,1992,0
212,1993,0
212,1994,0
212,1995,0
212,1996,0
212,1997,0
212,1998,0
212,1999,0
212,2000,0
220,1945,0
220,1946,1
220,1947,1
220,1948,1
220,1949,1
220,1950,1
220,1951,1
220,1952,1
220,1953,1
220,1954,2
220,1955,2
220,1956,2
220,1957,2
220,1958,2
220,1959,2
220,1960,3
220,1961,3
220,1962,3
220,1963,3
220,1964,3
220,1965,3
220,1966,3
220,1967,3
220,1968,3
220,1969,3
220,1970,3
220,1971,3
220,1972,3
220,1973,3
220,1974,3
220,1975,3
220,1976,3
220,1977,3
220,1978,3
220,1979,3
220,1980,3
220,1981,3
220,1982,3
220,1983,3
220,1984,3
220,1985,3
220,1986,3
220,1987,3
220,1988,3
220,1989,3
220,1990,3
220,1991,3
220,1992,3
220,1993,3
220,1994,3
220,1995,3
220,1996,3
220,1997,3
220,1998,3
220,1999,3
220,2000,3
223,1950,0
223,1951,0
223,1952,0
223,1953,0
223,1954,0
223,1955,0
223,1956,0
223,1957,0
223,1958,0
223,1959,0
223,1960,0
223,1961,0
223,1962,0
223,1963,0
223,1964,0
223,1965,0
223,1966,0
223,1967,0
223,1968,0
223,1969,0
223,1970,0
223,1971,0
223,1972,0
223,1973,0
223,1974,0
223,1975,0
223,1976,0
223,1977,0
223,1978,0
223,1979,0
223,1980,0
223,1981,0
223,1982,0
223,1983,0
223,1984,0
223,1985,0
223,1986,0
223,1987,0
223,1988,0
223,1989,0
223,1990,0
223,1991,0
223,1992,0
223,1993,0
223,1994,0
223,1995,0
223,1996,0
223,1997,0
223,1998,0
223,1999,0
223,2000,0
225,1945,0
225,1946,1
225,1947,1
225,1948,1
225,1949,1
225,1950,1
225,1951,1
225,1952,1
225,1953,1
225,1954,1
225,1955,1
225,1956,1
225,1957,1
225,1958,1
225,1959,1
225,1960,1
225,1961,1
225,1962,1
225,1963,1
225,1964,1
225,1965,1
225,1966,1
225,1967,1
225,1968,1
225,1969,1
225,1970,1
225,1971,0
225,1972,0
225,1973,0
225,1974,0
225,1975,0
225,1976,0
225,1977,0
225,1978,0
225,1979,0
225,1980,0
225,1981,0
225,1982,0
225,1983,0
225,1984,0
225,1985,0
225,1986,0
225,1987,0
225,1988,0
225,1989,0
225,1990,0
225,1991,0
225,1992,0
225,1993,0
225,1994,0
225,1995,0
225,1996,0
225,1997,0
225,1998,0
225,1999,0
225,2000,0
230,1945,0
230,1946,0
230,1947,0
230,1948,0
230,1949,0
230,1950,0
230,1951,0
230,1952,0
230,1953,0
230,1954,0
230,1955,0
230,1956,0
230,1957,0
230,1958,0
230,1959,0
230,1960,0
230,1961,0
230,1962,0
230,1963,0
230,1964,0
230,1965,0
230,1966,0
230,1967,0
230,1968,0
230,1969,0
230,1970,0
230,1971,0
230,1972,0
230,1973,0
230,1974,0
230,1975,0
230,1976,0
230,1977,0
230,1978,0
230,1979,0
230,1980,0
230,1981,0
230,1982,0
230,1983,0
230,1984,0
230,1985,0
230,1986,0
230,1987,0
230,1988,0
230,1989,0
230,1990,0
230,1991,0
230,1992,0
230,1993,0
230,1994,0
230,1995,0
230,1996,0
230,1997,0
230,1998,0
230,1999,0
230,2000,0
235,1945,0
235,1946,0
235,1947,0
235,1948,0
235,1949,0
235,1950,0
235,1951,0
235,1952,0
235,1953,0
235,1954,0
235,1955,0
235,1956,0
235,1957,0
235,1958,0
235,1959,0
235,1960,0
235,1961,0
235,1962,0
235,1963,0
235,1964,0
235,1965,0
235,1966,0
235,1967,0
235,1968,0
235,1969,0
235,1970,0
235,1971,0
235,1972,0
235,1973,0
235,1974,0
235,1975,0
235,1976,0
235,1977,0
235,1978,0
235,1979,0
235,1980,0
235,1981,0
235,1982,0
235,1983,0
235,1984,0
235,1985,0
235,1986,0
235,1987,0
235,1988,0
235,1989,0
235,1990,0
235,1991,0
235,1992,0
235,1993,0
235,1994,0
235,1995,0
235,1996,0
235,1997,0
235,1998,0
235,1999,0
235,2000,0
260,1949,0
260,1950,0
260,1951,0
260,1952,0
260,1953,0
260,1954,0
260,1955,0
260,1956,0
260,1957,0
260,1958,0
260,1959,0
260,1960,0
260,1961,0
260,1962,0
260,1963,0
260,1964,0
260,1965,0
260,1966,0
260,1967,0
260,1968,0
260,1969,0
260,1970,0
260,1971,0
260,1972,0
260,1973,0
260,1974,0
260,1975,0
260,1976,0
260,1977,0
260,1978,0
260,1979,0
260,1980,0
260,1981,0
260,1982,0
260,1983,0
260,1984,0
260,1985,0
260,1986,0
260,1987,0
260,1988,0
260,1989,0
260,1990,0
260,1991,0
260,1992,0
260,1993,0
260,1994,0
260,1995,0
260,1996,0
260,1997,0
260,1998,0
260,1999,0
260,2000,0
265,1949,0
265,1950,0
265,1951,0
265,1952,0
265,1953,0
265,1954,0
265,1955,0
265,1956,0
265,1957,0
265,1958,0
265,1959,0
265,1960,0
265,1961,0
265,1962,0
265,1963,0
265,1964,0
265,1965,0
265,1966,0
265,1967,0
265,1968,0
265,1969,0
265,1970,0
265,1971,0
265,1972,0
265,1973,0
265,1974,0
265,1975,0
265,1976,0
265,1977,0
265,1978,0
265,1979,0
265,1980,0
265,1981,0
265,1982,0
265,1983,0
265,1984,0
265,1985,0
265,1986,0
265,1987,0
265,1988,0
265,1989,0
265,1990,0
290,1945,0
290,1946,0
290,1947,0
290,1948,0
290,1949,0
290,1950,0
290,1951,0
290,1952,0
290,1953,0
290,1954,0
290,1955,0
290,1956,0
290,1957,0
290,1958,0
290,1959,0
290,1960,0
290,1961,0
290,1962,0
290,1963,0
290,1964,0
290,1965,0
290,1966,0
290,1967,0
290,1968,0
290,1969,0
290,1970,0
290,1971,0
290,1972,0
290,1973,0
290,1974,0
290,1975,0
290,1976,0
290,1977,0
290,1978,0
290,1979,0
290,1980,0
290,1981,0
290,1982,0
290,1983,0
290,1984,0
290,1985,0
290,1986,0
290,1987,0
290,1988,0
290,1989,0
290,1990,0
290,1991,0
290,1992,0
290,1993,0
290,1994,0
290,1995,0
290,1996,0
290,1997,0
290,1998,0
290,1999,0
290,2000,0
305,1945,0
305,1946,0
305,1947,0
305,1948,0
305,1949,0
305,1950,0
305,1951,0
305,1952,0
305,1953,0
305,1954,0
305,1955,0
305,1956,0
305,1957,0
305,1958,0
305,1959,0
305,1960,0
305,1961,0
305,1962,0
305,1963,0
305,1964,0
305,1965,0
305,1966,0
305,1967,0
305,1968,0
305,1969,0
305,1970,0
305,1971,0
305,1972,0
305,1973,0
305,1974,0
305,1975,0
305,1976,0
305,1977,0
305,1978,0
305,1979,0
305,1980,0
305,1981,0
305,1982,0
305,1983,0
305,1984,0
305,1985,0
305,1986,0
305,1987,0
305,1988,0
305,1989,0
305,1990,0
305,1991,0
305,1992,0
305,1993,0
305,1994,0
305,1995,0
305,1996,0
305,1997,0
305,1998,0
305,1999,0
305,2000,0
310,1945,0
310,1946,0
310,1947,0
310,1948,0
310,1949,0
310,1950,0
310,1951,0
310,1952,0
310,1953,0
310,1954,0
310,1955,0
310,1956,0
310,1957,0
310,1958,0
310,1959,0
310,1960,0
310,1961,0
310,1962,0
310,1963,0
310,1964,0
310,1965,0
310,1966,0
310,1967,0
310,1968,0
310,1969,0
310,1970,0
310,1971,0
310,1972,0
310,1973,0
310,1974,0
310,1975,0
310,1976,0
310,1977,0
310,1978,0
310,1979,0
310,1980,0
310,1981,0
310,1982,0
310,1983,0
310,1984,0
310,1985,0
310,1986,0
310,1987,0
310,1988,0
310,1989,0
310,1990,0
310,1991,0
310,1992,0
310,1993,0
310,1994,0
310,1995,0
310,1996,0
310,1997,0
310,1998,0
310,1999,0
310,2000,0
315,1945,0
315,1946,0
315,1947,0
315,1948,0
315,1949,0
315,1950,0
315,1951,0
315,1952,0
315,1953,0
315,1954,0
315,1955,0
315,1956,0
315,1957,0
315,1958,0
315,1959,0
315,1960,0
315,1961,0
315,1962,0
315,1963,0
315,1964,0
315,1965,0
315,1966,0
315,1967,0
315,1968,0
315,1969,0
315,1970,0
315,1971,0
315,1972,0
315,1973,0
315,1974,0
315,1975,0
315,1976,0
315,1977,0
315,1978,0
315,1979,0
315,1980,0
315,1981,0
315,1982,0
315,1983,0
315,1984,0
315,1985,0
315,1986,0
315,1987,0
315,1988,0
315,1989,0
315,1990,0
315,1991,0
315,1992,0
316,1993,0
316,1994,0
316,1995,0
316,1996,0
316,1997,0
316,1998,0
316,1999,0
316,2000,0
317,1993,0
317,1994,0
317,1995,0
317,1996,0
317,1997,0
317,1998,0
317,1999,0
317,2000,0
325,1945,0
325,1946,0
325,1947,0
325,1948,0
325,1949,0
325,1950,0
325,1951,0
325,1952,0
325,1953,0
325,1954,0
325,1955,0
325,1956,0
325,1957,0
325,1958,0
325,1959,0
325,1960,0
325,1961,0
325,1962,0
325,1963,0
325,1964,0
325,1965,0
325,1966,0
325,1967,0
325,1968,0
325,1969,0
325,1970,0
325,1971,0
325,1972,0
325,1973,0
325,1974,0
325,1975,0
325,1976,0
325,1977,0
325,1978,0
325,1979,0
325,1980,0
325,1981,0
325,1982,0
325,1983,0
325,1984,0
325,1985,0
325,1986,0
325,1987,0
325,1988,0
325,1989,0
325,1990,0
325,1991,0
325,1992,0
325,1993,0
325,1994,0
325,1995,0
325,1996,0
325,1997,0
325,1998,0
325,1999,0
325,2000,0
338,1964,0
338,1965,0
338,1966,0
338,1967,0
338,1968,0
338,1969,0
338,1970,0
338,1971,0
338,1972,0
338,1973,0
338,1974,0
338,1975,0
338,1976,0
338,1977,0
338,1978,0
338,1979,0
338,1980,0
338,1981,0
338,1982,0
338,1983,0
338,1984,0
338,1985,0
338,1986,0
338,1987,0
338,1988,0
338,1989,0
338,1990,0
338,1991,0
338,1992,0
338,1993,0
338,1994,0
338,1995,0
338,1996,0
338,1997,0
338,1998,0
338,1999,0
338,2000,0
339,1945,0
339,1946,0
339,1947,0
339,1948,0
339,1949,0
339,1950,0
339,1951,0
339,1952,0
339,1953,0
339,1954,0
339,1955,0
339,1956,0
339,1957,0
339,1958,0
339,1959,0
339,1960,0
339,1961,0
339,1962,0
339,1963,0
339,1964,0
339,1965,0
339,1966,0
339,1967,0
339,1968,0
339,1969,0
339,1970,0
339,1971,0
339,1972,0
339,1973,0
339,1974,0
339,1975,0
339,1976,0
339,1977,0
339,1978,0
339,1979,0
339,1980,0
339,1981,0
339,1982,0
339,1983,0
339,1984,0
339,1985,0
339,1986,0
339,1987,0
339,1988,0
339,1989,0
339,1990,0
339,1991,0
339,1992,0
339,1993,0
339,1994,0
339,1995,0
339,1996,0
339,1997,0
339,1998,0
339,1999,0
339,2000,0
344,1991,0
344,1992,0
344,1993,0
344,1994,0
344,1995,0
344,1996,0
344,1997,0
344,1998,0
344,1999,0
344,2000,0
345,1945,0
345,1946,0
345,1947,0
345,1948,0
345,1949,0
345,1950,0
345,1951,0
345,1952,0
345,1953,0
345,1954,1
345,1955,1
345,1956,1
345,1957,1
345,1958,1
345,1959,1
345,1960,1
345,1961,1
345,1962,1
345,1963,1
345,1964,1
345,1965,1
345,1966,0
345,1967,0
345,1968,0
345,1969,0
345,1970,0
345,1971,0
345,1972,0
345,1973,0
345,1974,1
345,1975,1
345,1976,1
345,1977,1
345,1978,1
345,1979,1
345,1980,1
345,1981,1
345,1982,1
345,1983,1
345,1984,1
345,1985,1
345,1986,1
345,1987,1
345,1988,1
345,1989,0
345,1990,0
345,1991,0
345,1992,0
345,1993,0
345,1994,0
345,1995,0
345,1996,0
345,1997,0
345,1998,0
345,1999,0
345,2000,0
346,1992,0
346,1993,0
346,1994,0
346,1995,0
346,1996,0
346,1997,0
346,1998,0
346,1999,0
346,2000,0
349,1991,0
349,1992,0
349,1993,0
349,1994,0
349,1995,0
349,1996,0
349,1997,0
349,1998,0
349,1999,0
349,2000,0
350,1945,0
350,1946,0
350,1947,0
350,1948,0
350,1949,0
350,1950,0
350,1951,0
350,1952,0
350,1953,0
350,1954,0
350,1955,0
350,1956,0
350,1957,0
350,1958,0
350,1959,0
350,1960,0
350,1961,0
350,1962,0
350,1963,0
350,1964,0
350,1965,0
350,1966,0
350,1967,0
350,1968,0
350,1969,0
350,1970,0
350,1971,0
350,1972,0
350,1973,0
350,1974,0
350,1975,0
350,1976,0
350,1977,0
350,1978,0
350,1979,0
350,1980,0
350,1981,0
350,1982,0
350,1983,0
350,1984,0
350,1985,0
350,1986,0
350,1987,0
350,1988,0
350,1989,0
350,1990,0
350,1991,0
350,1992,0
350,1993,0
350,1994,0
350,1995,0
350,1996,0
350,1997,0
350,1998,0
350,1999,0
350,2000,0
352,1960,0
352,1961,0
352,1962,0
352,1963,0
352,1964,0
352,1965,0
352,1966,0
352,1967,0
352,1968,0
352,1969,0
352,1970,0
352,1971,0
352,1972,0
352,1973,0
352,1974,0
352,1975,0
352,1976,0
352,1977,0
352,1978,0
352,1979,0
352,1980,0
352,1981,0
352,1982,0
352,1983,0
352,1984,0
352,1985,0
352,1986,0
352,1987,0
352,1988,0
352,1989,0
352,1990,0
352,1991,0
352,1992,0
352,1993,0
352,1994,0
352,1995,0
352,1996,0
352,1997,0
352,1998,0
352,1999,0
352,2000,0
355,1945,0
355,1946,0
355,1947,0
355,1948,0
355,1949,0
355,1950,0
355,1951,0
355,1952,0
355,1953,0
355,1954,0
355,1955,0
355,1956,0
355,1957,0
355,1958,0
355,1959,0
355,1960,0
355,1961,0
355,1962,0
355,1963,0
355,1964,0
355,1965,0
355,1966,0
355,1967,0
355,1968,0
355,1969,0
355,1970,0
355,1971,0
355,1972,0
355,1973,0
355,1974,0
355,1975,0
355,1976,0
355,1977,0
355,1978,0
355,1979,0
355,1980,0
355,1981,0
355,1982,0
355,1983,0
355,1984,0
355,1985,0
355,1986,0
355,1987,0
355,1988,0
355,1989,0
355,1990,0
355,1991,0
355,1992,0
355,1993,0
355,1994,0
355,1995,0
355,1996,0
355,1997,0
355,1998,0
355,1999,0
355,2000,0
359,1991,0
359,1992,0
359,1993,0
359,1994,0
359,1995,0
359,1996,0
359,1997,0
359,1998,0
359,1999,0
359,2000,0
360,1945,0
360,1946,0
360,1947,0
360,1948,0
360,1949,0
360,1950,0
360,1951,0
360,1952,0
360,1953,0
360,1954,0
360,1955,0
360,1956,0
360,1957,0
360,1958,0
360,1959,0
360,1960,0
360,1961,0
360,1962,0
360,1963,0
360,1964,0
360,1965,0
360,1966,0
360,1967,0
360,1968,0
360,1969,0
360,1970,0
360,1971,0
360,1972,0
360,1973,0
360,1974,0
360,1975,0
360,1976,0
360,1977,0
360,1978,0
360,1979,0
360,1980,0
360,1981,0
360,1982,0
360,1983,0
360,1984,0
360,1985,1
360,1986,1
360,1987,1
360,1988,1
360,1989,1
360,1990,1
360,1991,0
360,1992,0
360,1993,0
360,1994,0
360,1995,0
360,1996,0
360,1997,0
360,1998,0
360,1999,0
360,2000,0
365,1945,2
365,1946,2
365,1947,2
365,1948,2
365,1949,3
365,1950,3
365,1951,3
365,1952,3
365,1953,3
365,1954,3
365,1955,3
365,1956,3
365,1957,3
365,1958,3
365,1959,3
365,1960,3
365,1961,3
365,1962,3
365,1963,3
365,1964,3
365,1965,3
365,1966,3
365,1967,3
365,1968,3
365,1969,3
365,1970,3
365,1971,3
365,1972,3
365,1973,3
365,1974,3
365,1975,3
365,1976,3
365,1977,3
365,1978,3
365,1979,3
365,1980,3
365,1981,3
365,1982,3
365,1983,3
365,1984,3
365,1985,3
365,1986,3
365,1987,3
365,1988,3
365,1989,3
365,1990,3
365,1991,3
365,1992,3
365,1993,3
365,1994,3
365,1995,3
365,1996,3
365,1997,3
365,1998,3
365,1999,3
365,2000,3
366,1991,0
366,1992,0
366,1993,0
366,1994,0
366,1995,0
366,1996,0
366,1997,0
366,1998,0
366,1999,0
366,2000,0
367,1991,0
367,1992,0
367,1993,0
367,1994,0
367,1995,0
367,1996,0
367,1997,0
367,1998,0
367,1999,0
367,2000,0
368,1991,0
368,1992,0
368,1993,0
368,1994,0
368,1995,0
368,1996,0
368,1997,0
368,1998,0
368,1999,0
368,2000,0
369,1991,0
369,1992,0
369,1993,0
369,1994,0
369,1995,0
369,1996,0
369,1997,0
369,1998,0
369,1999,0
369,2000,0
370,1991,0
370,1992,0
370,1993,0
370,1994,0
370,1995,0
370,1996,0
370,1997,0
370,1998,0
370,1999,0
370,2000,0
371,1991,0
371,1992,0
371,1993,0
371,1994,0
371,1995,0
371,1996,0
371,1997,0
371,1998,0
371,1999,0
371,2000,0
372,1991,0
372,1992,0
372,1993,0
372,1994,0
372,1995,0
372,1996,0
372,1997,0
372,1998,0
372,1999,0
372,2000,0
373,1991,0
373,1992,0
373,1993,0
373,1994,0
373,1995,0
373,1996,0
373,1997,0
373,1998,0
373,1999,0
373,2000,0
375,1945,0
375,1946,0
375,1947,0
375,1948,0
375,1949,0
375,1950,0
375,1951,0
375,1952,0
375,1953,0
375,1954,0
375,1955,0
375,1956,0
375,1957,0
375,1958,0
375,1959,0
375,1960,0
375,1961,0
375,1962,0
375,1963,0
375,1964,0
375,1965,0
375,1966,0
375,1967,0
375,1968,0
375,1969,0
375,1970,0
375,1971,0
375,1972,0
375,1973,0
375,1974,0
375,1975,0
375,1976,0
375,1977,0
375,1978,0
375,1979,0
375,1980,0
375,1981,0
375,1982,0
375,1983,0
375,1984,0
375,1985,0
375,1986,0
375,1987,0
375,1988,0
375,1989,0
375,1990,0
375,1991,0
375,1992,0
375,1993,0
375,1994,0
375,1995,0
375,1996,0
375,1997,0
375,1998,0
375,1999,0
375,2000,0
380,1945,0
380,1946,1
380,1947,1
380,1948,1
380,1949,1
380,1950,1
380,1951,1
380,1952,1
380,1953,1
380,1954,1
380,1955,1
380,1956,1
380,1957,1
380,1958,1
380,1959,1
380,1960,1
380,1961,1
380,1962,1
380,1963,1
380,1964,1
380,1965,1
380,1966,1
380,1967,1
380,1968,1
380,1969,1
380,1970,0
380,1971,0
380,1972,0
380,1973,0
380,1974,0
380,1975,0
380,1976,0
380,1977,0
380,1978,0
380,1979,0
380,1980,0
380,1981,0
380,1982,0
380,1983,0
380,1984,0
380,1985,0
380,1986,0
380,1987,0
380,1988,0
380,1989,0
380,1990,0
380,1991,0
380,1992,0
380,1993,0
380,1994,0
380,1995,0
380,1996,0
380,1997,0
380,1998,0
380,1999,0
380,2000,0
385,1945,0
385,1946,0
385,1947,0
385,1948,0
385,1949,0
385,1950,0
385,1951,0
385,1952,0
385,1953,0
385,1954,0
385,1955,0
385,1956,0
385,1957,0
385,1958,0
385,1959,0
385,1960,0
385,1961,0
385,1962,0
385,1963,0
385,1964,0
385,1965,0
385,1966,0
385,1967,0
385,1968,0
385,1969,0
385,1970,0
385,1971,0
385,1972,0
385,1973,0
385,1974,0
385,1975,0
385,1976,0
385,1977,0
385,1978,0
385,1979,0
385,1980,0
385,1981,0
385,1982,0
385,1983,0
385,1984,0
385,1985,0
385,1986,0
385,1987,0
385,1988,0
385,1989,0
385,1990,0
385,1991,0
385,1992,0
385,1993,0
385,1994,0
385,1995,0
385,1996,0
385,1997,0
385,1998,0
385,1999,0
385,2000,0
390,1945,0
390,1946,0
390,1947,0
390,1948,0
390,1949,0
390,1950,0
390,1951,0
390,1952,0
390,1953,0
390,1954,0
390,1955,0
390,1956,0
390,1957,0
390,1958,0
390,1959,0
390,1960,0
390,1961,0
390,1962,0
390,1963,0
390,1964,0
390,1965,0
390,1966,0
390,1967,0
390,1968,0
390,1969,0
390,1970,0
390,1971,0
390,1972,0
390,1973,0
390,1974,0
390,1975,0
390,1976,0
390,1977,0
390,1978,0
390,1979,0
390,1980,0
390,1981,0
390,1982,0
390,1983,0
390,1984,0
390,1985,0
390,1986,0
390,1987,0
390,1988,0
390,1989,0
390,1990,0
390,1991,0
390,1992,0
390,1993,0
390,1994,0
390,1995,0
390,1996,0
390,1997,0
390,1998,0
390,1999,0
390,2000,0
395,1945,0
395,1946,0
395,1947,0
395,1948,0
395,1949,0
395,1950,0
395,1951,0
395,1952,0
395,1953,0
395,1954,0
395,1955,0
395,1956,0
395,1957,0
395,1958,0
395,1959,0
395,1960,0
395,1961,0
395,1962,0
395,1963,0
395,1964,0
395,1965,0
395,1966,0
395,1967,0
395,1968,0
395,1969,0
395,1970,0
395,1971,0
395,1972,0
395,1973,0
395,1974,0
395,1975,0
395,1976,0
395,1977,0
395,1978,0
395,1979,0
395,1980,0
395,1981,0
395,1982,0
395,1983,0
395,1984,0
395,1985,0
395,1986,0
395,1987,0
395,1988,0
395,1989,0
395,1990,0
395,1991,0
395,1992,0
395,1993,0
395,1994,0
395,1995,0
395,1996,0
395,1997,0
395,1998,0
395,1999,0
395,2000,0
402,1972,0
402,1973,0
402,1974,0
402,1975,0
402,1976,0
402,1977,0
402,1978,0
402,1979,0
402,1980,0
402,1981,0
402,1982,0
402,1983,0
402,1984,0
402,1985,0
402,1986,0
402,1987,0
402,1988,0
402,1989,0
402,1990,0
402,1991,0
402,1992,0
402,1993,0
402,1994,0
402,1995,0
402,1996,0
402,1997,0
402,1998,0
402,1999,0
402,2000,0
403,1975,0
403,1976,0
403,1977,0
403,1978,0
403,1979,0
403,1980,0
403,1981,0
403,1982,0
403,1983,0
403,1984,0
403,1985,0
403,1986,0
403,1987,0
403,1988,0
403,1989,0
403,1990,0
403,1991,0
403,1992,0
403,1993,0
403,1994,0
403,1995,0
403,1996,0
403,1997,0
403,1998,0
403,1999,0
403,2000,0
404,1974,0
404,1975,0
404,1976,0
404,1977,0
404,1978,0
404,1979,0
404,1980,0
404,1981,0
404,1982,0
404,1983,0
404,1984,0
404,1985,0
404,1986,0
404,1987,0
404,1988,0
404,1989,0
404,1990,0
404,1991,0
404,1992,0
404,1993,0
404,1994,0
404,1995,0
404,1996,0
404,1997,0
404,1998,0
404,1999,0
404,2000,0
411,1968,0
411,1969,0
411,1970,0
411,1971,0
411,1972,0
411,1973,0
411,1974,0
411,1975,0
411,1976,0
411,1977,0
411,1978,0
411,1979,0
411,1980,0
411,1981,0
411,1982,0
411,1983,0
411,1984,0
411,1985,0
411,1986,0
411,1987,0
411,1988,0
411,1989,0
411,1990,0
411,1991,0
411,1992,0
411,1993,0
411,1994,0
411,1995,0
411,1996,0
411,1997,0
411,1998,0
411,1999,0
411,2000,0
420,1965,0
420,1966,0
420,1967,0
420,1968,0
420,1969,0
420,1970,0
420,1971,0
420,1972,0
420,1973,0
420,1974,0
420,1975,0
420,1976,0
420,1977,0
420,1978,0
420,1979,0
420,1980,0
420,1981,0
420,1982,0
420,1983,0
420,1984,0
420,1985,0
420,1986,0
420,1987,0
420,1988,0
420,1989,0
420,1990,0
420,1991,0
420,1992,0
420,1993,0
420,1994,0
420,1995,0
420,1996,0
420,1997,0
420,1998,0
420,1999,0
420,2000,0
432,1960,0
432,1961,0
432,1962,0
432,1963,0
432,1964,0
432,1965,0
432,1966,0
432,1967,0
432,1968,0
432,1969,0
432,1970,0
432,1971,0
432,1972,0
432,1973,0
432,1974,0
432,1975,0
432,1976,0
432,1977,0
432,1978,0
432,1979,0
432,1980,0
432,1981,0
432,1982,0
432,1983,0
432,1984,0
432,1985,0
432,1986,0
432,1987,0
432,1988,0
432,1989,0
432,1990,0
432,1991,0
432,1992,0
432,1993,0
432,1994,0
432,1995,0
432,1996,0
432,1997,0
432,1998,0
432,1999,0
432,2000,0
433,1960,0
433,1961,0
433,1962,0
433,1963,0
433,1964,0
433,1965,0
433,1966,0
433,1967,0
433,1968,0
433,1969,0
433,1970,0
433,1971,0
433,1972,0
433,1973,0
433,1974,0
433,1975,0
433,1976,0
433,1977,0
433,1978,0
433,1979,0
433,1980,0
433,1981,0
433,1982,0
433,1983,0
433,1984,0
433,1985,0
433,1986,0
433,1987,0
433,1988,0
433,1989,0
433,1990,0
433,1991,0
433,1992,0
433,1993,0
433,1994,0
433,1995,0
433,1996,0
433,1997,0
433,1998,0
433,1999,0
433,2000,0
434,1960,0
434,1961,0
434,1962,0
434,1963,0
434,1964,0
434,1965,0
434,1966,0
434,1967,0
434,1968,0
434,1969,0
434,1970,0
434,1971,0
434,1972,0
434,1973,0
434,1974,0
434,1975,0
434,1976,0
434,1977,0
434,1978,0
434,1979,0
434,1980,0
434,1981,0
434,1982,0
434,1983,0
434,1984,0
434,1985,0
434,1986,0
434,1987,0
434,1988,0
434,1989,0
434,1990,0
434,1991,0
434,1992,0
434,1993,0
434,1994,0
434,1995,0
434,1996,0
434,1997,0
434,1998,0
434,1999,0
434,2000,0
435,1960,0
435,1961,0
435,1962,0
435,1963,0
435,1964,0
435,1965,0
435,1966,0
435,1967,0
435,1968,0
435,1969,0
435,1970,0
435,1971,0
435,1972,0
435,1973,0
435,1974,0
435,1975,0
435,1976,0
435,1977,0
435,1978,0
435,1979,0
435,1980,0
435,1981,0
435,1982,0
435,1983,0
435,1984,0
435,1985,0
435,1986,0
435,1987,0
435,1988,0
435,1989,0
435,1990,0
435,1991,0
435,1992,0
435,1993,0
435,1994,0
435,1995,0
435,1996,0
435,1997,0
435,1998,0
435,1999,0
435,2000,0
436,1960,0
436,1961,0
436,1962,0
436,1963,0
436,1964,0
436,1965,0
436,1966,0
436,1967,0
436,1968,0
436,1969,0
436,1970,0
436,1971,0
436,1972,0
436,1973,0
436,1974,0
436,1975,0
436,1976,0
436,1977,0
436,1978,0
436,1979,0
436,1980,0
436,1981,0
436,1982,0
436,1983,0
436,1984,0
436,1985,0
436,1986,0
436,1987,0
436,1988,0
436,1989,0
436,1990,0
436,1991,0
436,1992,0
436,1993,0
436,1994,0
436,1995,0
436,1996,0
436,1997,0
436,1998,0
436,1999,0
436,2000,0
437,1960,0
437,1961,0
437,1962,0
437,1963,0
437,1964,0
437,1965,0
437,1966,0
437,1967,0
437,1968,0
437,1969,0
437,1970,0
437,1971,0
437,1972,0
437,1973,0
437,1974,0
437,1975,0
437,1976,0
437,1977,0
437,1978,0
437,1979,0
437,1980,0
437,1981,0
437,1982,0
437,1983,0
437,1984,0
437,1985,0
437,1986,0
437,1987,0
437,1988,0
437,1989,0
437,1990,0
437,1991,0
437,1992,0
437,1993,0
437,1994,0
437,1995,0
437,1996,0
437,1997,0
437,1998,0
437,1999,0
437,2000,0
438,1958,0
438,1959,0
438,1960,0
438,1961,0
438,1962,0
438,1963,0
438,1964,0
438,1965,0
438,1966,0
438,1967,0
438,1968,0
438,1969,0
438,1970,0
438,1971,0
438,1972,0
438,1973,0
438,1974,0
438,1975,0
438,1976,0
438,1977,0
438,1978,0
438,1979,0
438,1980,0
438,1981,0
438,1982,0
438,1983,0
438,1984,0
438,1985,0
438,1986,0
438,1987,0
438,1988,0
438,1989,0
438,1990,0
438,1991,0
438,1992,0
438,1993,0
438,1994,0
438,1995,0
438,1996,0
438,1997,0
438,1998,0
438,1999,0
438,2000,0
439,1960,0
439,1961,0
439,1962,0
439,1963,0
439,1964,0
439,1965,0
439,1966,0
439,1967,0
439,1968,0
439,1969,0
439,1970,0
439,1971,0
439,1972,0
439,1973,0
439,1974,0
439,1975,0
439,1976,0
439,1977,0
439,1978,0
439,1979,0
439,1980,0
439,1981,0
439,1982,0
439,1983,0
439,1984,0
439,1985,0
439,1986,0
439,1987,0
439,1988,0
439,1989,0
439,1990,0
439,1991,0
439,1992,0
439,1993,0
439,1994,0
439,1995,0
439,1996,0
439,1997,0
439,1998,0
439,1999,0
439,2000,0
450,1945,0
450,1946,0
450,1947,0
450,1948,0
450,1949,0
450,1950,0
450,1951,0
450,1952,0
450,1953,0
450,1954,0
450,1955,0
450,1956,0
450,1957,0
450,1958,0
450,1959,0
450,1960,0
450,1961,0
450,1962,0
450,1963,0
450,1964,0
450,1965,0
450,1966,0
450,1967,0
450,1968,0
450,1969,0
450,1970,0
450,1971,0
450,1972,0
450,1973,0
450,1974,0
450,1975,0
450,1976,0
450,1977,0
450,1978,0
450,1979,0
450,1980,0
450,1981,0
450,1982,0
450,1983,0
450,1984,0
450,1985,0
450,1986,0
450,1987,0
450,1988,0
450,1989,0
450,1990,0
450,1991,0
450,1992,0
450,1993,0
450,1994,0
450,1995,0
450,1996,0
450,1997,0
450,1998,0
450,1999,0
450,2000,0
451,1961,0
451,1962,0
451,1963,0
451,1964,0
451,1965,0
451,1966,0
451,1967,0
451,1968,0
451,1969,0
451,1970,0
451,1971,0
451,1972,0
451,1973,0
451,1974,0
451,1975,0
451,1976,0
451,1977,0
451,1978,0
451,1979,0
451,1980,0
451,1981,0
451,1982,0
451,1983,0
451,1984,0
451,1985,0
451,1986,0
451,1987,0
451,1988,0
451,1989,0
451,1990,0
451,1991,0
451,1992,0
451,1993,0
451,1994,0
451,1995,0
451,1996,0
451,1997,0
451,1998,0
451,1999,0
451,2000,0
452,1957,0
452,1958,0
452,1959,0
452,1960,0
452,1961,0
452,1962,0
452,1963,0
452,1964,0
452,1965,0
452,1966,0
452,1967,0
452,1968,0
452,1969,0
452,1970,0
452,1971,0
452,1972,0
452,1973,0
452,1974,0
452,1975,0
452,1976,0
452,1977,0
452,1978,0
452,1979,0
452,1980,0
452,1981,0
452,1982,0
452,1983,0
452,1984,0
452,1985,0
452,1986,0
452,1987,0
452,1988,0
452,1989,0
452,1990,0
452,1991,0
452,1992,0
452,1993,0
452,1994,0
452,1995,0
452,1996,0
452,1997,0
452,1998,0
452,1999,0
452,2000,0
461,1960,0
461,1961,0
461,1962,0
461,1963,0
461,1964,0
461,1965,0
461,1966,0
461,1967,0
461,1968,0
461,1969,0
461,1970,0
461,1971,0
461,1972,0
461,1973,0
461,1974,0
461,1975,0
461,1976,0
461,1977,0
461,1978,0
461,1979,0
461,1980,0
461,1981,0
461,1982,0
461,1983,0
461,1984,0
461,1985,0
461,1986,0
461,1987,0
461,1988,0
461,1989,0
461,1990,0
461,1991,0
461,1992,0
461,1993,0
461,1994,0
461,1995,0
461,1996,0
461,1997,0
461,1998,0
461,1999,0
461,2000,0
471,1960,0
471,1961,0
471,1962,0
471,1963,0
471,1964,0
471,1965,0
471,1966,0
471,1967,0
471,1968,0
471,1969,0
471,1970,0
471,1971,0
471,1972,0
471,1973,0
471,1974,0
471,1975,0
471,1976,0
471,1977,0
471,1978,0
471,1979,0
471,1980,0
471,1981,0
471,1982,0
471,1983,0
471,1984,0
471,1985,0
471,1986,0
471,1987,0
471,1988,0
471,1989,0
471,1990,0
471,1991,0
471,1992,0
471,1993,0
471,1994,0
471,1995,0
471,1996,0
471,1997,0
471,1998,0
471,1999,0
471,2000,0
475,1960,0
475,1961,0
475,1962,0
475,1963,0
475,1964,0
475,1965,0
475,1966,0
475,1967,0
475,1968,0
475,1969,0
475,1970,0
475,1971,0
475,1972,0
475,1973,0
475,1974,0
475,1975,0
475,1976,0
475,1977,0
475,1978,0
475,1979,0
475,1980,0
475,1981,0
475,1982,0
475,1983,0
475,1984,0
475,1985,0
475,1986,0
475,1987,0
475,1988,0
475,1989,0
475,1990,0
475,1991,0
475,1992,0
475,1993,0
475,1994,0
475,1995,0
475,1996,0
475,1997,0
475,1998,0
475,1999,0
475,2000,0
481,1960,0
481,1961,0
481,1962,0
481,1963,0
481,1964,0
481,1965,0
481,1966,0
481,1967,0
481,1968,0
481,1969,0
481,1970,0
481,1971,0
481,1972,0
481,1973,0
481,1974,0
481,1975,0
481,1976,0
481,1977,0
481,1978,0
481,1979,0
481,1980,0
481,1981,0
481,1982,0
481,1983,0
481,1984,0
481,1985,0
481,1986,0
481,1987,0
481,1988,0
481,1989,0
481,1990,0
481,1991,0
481,1992,0
481,1993,0
481,1994,0
481,1995,0
481,1996,0
481,1997,0
481,1998,0
481,1999,0
481,2000,0
482,1960,0
482,1961,0
482,1962,0
482,1963,0
482,1964,0
482,1965,0
482,1966,0
482,1967,0
482,1968,0
482,1969,0
482,1970,0
482,1971,0
482,1972,0
482,1973,0
482,1974,0
482,1975,0
482,1976,0
482,1977,0
482,1978,0
482,1979,0
482,1980,0
482,1981,0
482,1982,0
482,1983,0
482,1984,0
482,1985,0
482,1986,0
482,1987,0
482,1988,0
482,1989,0
482,1990,0
482,1991,0
482,1992,0
482,1993,0
482,1994,0
482,1995,0
482,1996,0
482,1997,0
482,1998,0
482,1999,0
482,2000,0
483,1960,0
483,1961,0
483,1962,0
483,1963,0
483,1964,0
483,1965,0
483,1966,0
483,1967,0
483,1968,0
483,1969,0
483,1970,0
483,1971,0
483,1972,0
483,1973,0
483,1974,0
483,1975,0
483,1976,0
483,1977,0
483,1978,0
483,1979,0
483,1980,0
483,1981,0
483,1982,0
483,1983,0
483,1984,0
483,1985,0
483,1986,0
483,1987,0
483,1988,0
483,1989,0
483,1990,0
483,1991,0
483,1992,0
483,1993,0
483,1994,0
483,1995,0
483,1996,0
483,1997,0
483,1998,0
483,1999,0
483,2000,0
484,1960,0
484,1961,0
484,1962,0
484,1963,0
484,1964,0
484,1965,0
484,1966,0
484,1967,0
484,1968,0
484,1969,0
484,1970,0
484,1971,0
484,1972,0
484,1973,0
484,1974,0
484,1975,0
484,1976,0
484,1977,0
484,1978,0
484,1979,0
484,1980,0
484,1981,0
484,1982,0
484,1983,0
484,1984,0
484,1985,0
484,1986,0
484,1987,0
484,1988,0
484,1989,0
484,1990,0
484,1991,0
484,1992,0
484,1993,0
484,1994,0
484,1995,0
484,1996,0
484,1997,0
484,1998,0
484,1999,0
484,2000,0
490,1960,0
490,1961,0
490,1962,0
490,1963,0
490,1964,0
490,1965,0
490,1966,0
490,1967,0
490,1968,0
490,1969,0
490,1970,0
490,1971,0
490,1972,0
490,1973,0
490,1974,0
490,1975,0
490,1976,0
490,1977,0
490,1978,0
490,1979,0
490,1980,0
490,1981,0
490,1982,0
490,1983,0
490,1984,0
490,1985,0
490,1986,0
490,1987,0
490,1988,0
490,1989,0
490,1990,0
490,1991,0
490,1992,0
490,1993,0
490,1994,0
490,1995,0
490,1996,0
490,1997,0
490,1998,0
490,1999,0
490,2000,0
500,1962,0
500,1963,0
500,1964,0
500,1965,0
500,1966,0
500,1967,0
500,1968,0
500,1969,0
500,1970,0
500,1971,0
500,1972,0
500,1973,0
500,1974,0
500,1975,0
500,1976,0
500,1977,0
500,1978,0
500,1979,0
500,1980,0
500,1981,0
500,1982,0
500,1983,0
500,1984,0
500,1985,0
500,1986,0
500,1987,0
500,1988,0
500,1989,0
500,1990,0
500,1991,0
500,1992,0
500,1993,0
500,1994,0
500,1995,0
500,1996,0
500,1997,0
500,1998,0
500,1999,0
500,2000,0
501,1963,0
501,1964,0
501,1965,0
501,1966,0
501,1967,0
501,1968,0
501,1969,0
501,1970,0
501,1971,0
501,1972,0
501,1973,0
501,1974,0
501,1975,0
501,1976,0
501,1977,0
501,1978,0
501,1979,0
501,1980,0
501,1981,0
501,1982,0
501,1983,0
501,1984,0
501,1985,0
501,1986,0
501,1987,0
501,1988,0
501,1989,0
501,1990,0
501,1991,0
501,1992,0
501,1993,0
501,1994,0
501,1995,0
501,1996,0
501,1997,0
501,1998,0
501,1999,0
501,2000,0
510,1961,0
510,1962,0
510,1963,0
510,1964,0
510,1965,0
510,1966,0
510,1967,0
510,1968,0
510,1969,0
510,1970,0
510,1971,0
510,1972,0
510,1973,0
510,1974,0
510,1975,0
510,1976,0
510,1977,0
510,1978,0
510,1979,0
510,1980,0
510,1981,0
510,1982,0
510,1983,0
510,1984,0
510,1985,0
510,1986,0
510,1987,0
510,1988,0
510,1989,0
510,1990,0
510,1991,0
510,1992,0
510,1993,0
510,1994,0
510,1995,0
510,1996,0
510,1997,0
510,1998,0
510,1999,0
510,2000,0
516,1963,0
516,1964,0
516,1965,0
516,1966,0
516,1967,0
516,1968,0
516,1969,0
516,1970,0
516,1971,0
516,1972,0
516,1973,0
516,1974,0
516,1975,0
516,1976,0
516,1977,0
516,1978,0
516,1979,0
516,1980,0
516,1981,0
516,1982,0
516,1983,0
516,1984,0
516,1985,0
516,1986,0
516,1987,0
516,1988,0
516,1989,0
516,1990,0
516,1991,0
516,1992,0
516,1993,0
516,1994,0
516,1995,0
516,1996,0
516,1997,0
516,1998,0
516,1999,0
516,2000,0
517,1962,0
517,1963,0
517,1964,0
517,1965,0
517,1966,0
517,1967,0
517,1968,0
517,1969,0
517,1970,0
517,1971,0
517,1972,0
517,1973,0
517,1974,0
517,1975,0
517,1976,0
517,1977,0
517,1978,0
517,1979,0
517,1980,0
517,1981,0
517,1982,0
517,1983,0
517,1984,0
517,1985,0
517,1986,0
517,1987,0
517,1988,0
517,1989,0
517,1990,0
517,1991,0
517,1992,0
517,1993,0
517,1994,0
517,1995,0
517,1996,0
517,1997,0
517,1998,0
517,1999,0
517,2000,0
520,1960,0
520,1961,0
520,1962,0
520,1963,0
520,1964,0
520,1965,0
520,1966,0
520,1967,0
520,1968,0
520,1969,0
520,1970,0
520,1971,0
520,1972,0
520,1973,0
520,1974,0
520,1975,0
520,1976,0
520,1977,0
520,1978,0
520,1979,0
520,1980,0
520,1981,0
520,1982,0
520,1983,0
520,1984,0
520,1985,0
520,1986,0
520,1987,0
520,1988,0
520,1989,0
520,1990,0
520,1991,0
520,1992,0
520,1993,0
520,1994,0
520,1995,0
520,1996,0
520,1997,0
520,1998,0
520,1999,0
520,2000,0
522,1977,0
522,1978,0
522,1979,0
522,1980,0
522,1981,0
522,1982,0
522,1983,0
522,1984,0
522,1985,0
522,1986,0
522,1987,0
522,1988,0
522,1989,0
522,1990,0
522,1991,0
522,1992,0
522,1993,0
522,1994,0
522,1995,0
522,1996,0
522,1997,0
522,1998,0
522,1999,0
522,2000,0
530,1945,0
530,1946,0
530,1947,0
530,1948,0
530,1949,0
530,1950,0
530,1951,0
530,1952,0
530,1953,0
530,1954,0
530,1955,0
530,1956,0
530,1957,0
530,1958,0
530,1959,0
530,1960,0
530,1961,0
530,1962,0
530,1963,0
530,1964,0
530,1965,0
530,1966,0
530,1967,0
530,1968,0
530,1969,0
530,1970,0
530,1971,0
530,1972,0
530,1973,0
530,1974,0
530,1975,0
530,1976,0
530,1977,0
530,1978,0
530,1979,0
530,1980,0
530,1981,0
530,1982,0
530,1983,0
530,1984,0
530,1985,0
530,1986,0
530,1987,0
530,1988,0
530,1989,0
530,1990,0
530,1991,0
530,1992,0
530,1993,0
530,1994,0
530,1995,0
530,1996,0
530,1997,0
530,1998,0
530,1999,0
530,2000,0
531,1993,0
531,1994,0
531,1995,0
531,1996,0
531,1997,0
531,1998,0
531,1999,0
531,2000,0
540,1975,0
540,1976,0
540,1977,0
540,1978,0
540,1979,0
540,1980,0
540,1981,0
540,1982,0
540,1983,0
540,1984,0
540,1985,0
540,1986,0
540,1987,0
540,1988,0
540,1989,0
540,1990,0
540,1991,0
540,1992,0
540,1993,0
540,1994,0
540,1995,0
540,1996,0
540,1997,0
540,1998,0
540,1999,0
540,2000,0
541,1975,0
541,1976,0
541,1977,0
541,1978,0
541,1979,0
541,1980,0
541,1981,0
541,1982,0
541,1983,0
541,1984,0
541,1985,0
541,1986,0
541,1987,0
541,1988,0
541,1989,0
541,1990,0
541,1991,0
541,1992,0
541,1993,0
541,1994,0
541,1995,0
541,1996,0
541,1997,0
541,1998,0
541,1999,0
541,2000,0
551,1964,0
551,1965,0
551,1966,0
551,1967,0
551,1968,0
551,1969,0
551,1970,0
551,1971,0
551,1972,0
551,1973,0
551,1974,0
551,1975,0
551,1976,0
551,1977,0
551,1978,0
551,1979,0
551,1980,0
551,1981,0
551,1982,0
551,1983,0
551,1984,0
551,1985,0
551,1986,0
551,1987,0
551,1988,0
551,1989,0
551,1990,0
551,1991,0
551,1992,0
551,1993,0
551,1994,0
551,1995,0
551,1996,0
551,1997,0
551,1998,0
551,1999,0
551,2000,0
552,1965,0
552,1966,0
552,1967,0
552,1968,0
552,1969,0
552,1970,0
552,1971,0
552,1972,0
552,1973,0
552,1974,0
552,1975,0
552,1976,0
552,1977,0
552,1978,0
552,1979,0
552,1980,0
552,1981,0
552,1982,0
552,1983,0
552,1984,0
552,1985,0
552,1986,0
552,1987,0
552,1988,0
552,1989,0
552,1990,0
552,1991,0
552,1992,0
552,1993,0
552,1994,0
552,1995,0
552,1996,0
552,1997,0
552,1998,0
552,1999,0
552,2000,0
553,1964,0
553,1965,0
553,1966,0
553,1967,0
553,1968,0
553,1969,0
553,1970,0
553,1971,0
553,1972,0
553,1973,0
553,1974,0
553,1975,0
553,1976,0
553,1977,0
553,1978,0
553,1979,0
553,1980,0
553,1981,0
553,1982,0
553,1983,0
553,1984,0
553,1985,0
553,1986,0
553,1987,0
553,1988,0
553,1989,0
553,1990,0
553,1991,0
553,1992,0
553,1993,0
553,1994,0
553,1995,0
553,1996,0
553,1997,0
553,1998,0
553,1999,0
553,2000,0
560,1945,0
560,1946,0
560,1947,0
560,1948,0
560,1949,0
560,1950,0
560,1951,0
560,1952,0
560,1953,0
560,1954,0
560,1955,0
560,1956,0
560,1957,0
560,1958,0
560,1959,0
560,1960,0
560,1961,0
560,1962,0
560,1963,0
560,1964,0
560,1965,0
560,1966,0
560,1967,0
560,1968,0
560,1969,1
560,1970,1
560,1971,1
560,1972,1
560,1973,1
560,1974,2
560,1975,2
560,1976,2
560,1977,2
560,1978,2
560,1979,3
560,1980,3
560,1981,3
560,1982,3
560,1983,3
560,1984,3
560,1985,3
560,1986,3
560,1987,3
560,1988,3
560,1989,3
560,1990,3
560,1991,3
560,1992,0
560,1993,0
560,1994,0
560,1995,0
560,1996,0
560,1997,0
560,1998,0
560,1999,0
560,2000,0
565,1990,0
565,1991,0
565,1992,0
565,1993,0
565,1994,0
565,1995,0
565,1996,0
565,1997,0
565,1998,0
565,1999,0
565,2000,0
570,1966,0
570,1967,0
570,1968,0
570,1969,0
570,1970,0
570,1971,0
570,1972,0
570,1973,0
570,1974,0
570,1975,0
570,1976,0
570,1977,0
570,1978,0
570,1979,0
570,1980,0
570,1981,0
570,1982,0
570,1983,0
570,1984,0
570,1985,0
570,1986,0
570,1987,0
570,1988,0
570,1989,0
570,1990,0
570,1991,0
570,1992,0
570,1993,0
570,1994,0
570,1995,0
570,1996,0
570,1997,0
570,1998,0
570,1999,0
570,2000,0
571,1966,0
571,1967,0
571,1968,0
571,1969,0
571,1970,0
571,1971,0
571,1972,0
571,1973,0
571,1974,0
571,1975,0
571,1976,0
571,1977,0
571,1978,0
571,1979,0
571,1980,0
571,1981,0
571,1982,0
571,1983,0
571,1984,0
571,1985,0
571,1986,0
571,1987,0
571,1988,0
571,1989,0
571,1990,0
571,1991,0
571,1992,0
571,1993,0
571,1994,0
571,1995,0
571,1996,0
571,1997,0
571,1998,0
571,1999,0
571,2000,0
572,1968,0
572,1969,0
572,1970,0
572,1971,0
572,1972,0
572,1973,0
572,1974,0
572,1975,0
572,1976,0
572,1977,0
572,1978,0
572,1979,0
572,1980,0
572,1981,0
572,1982,0
572,1983,0
572,1984,0
572,1985,0
572,1986,0
572,1987,0
572,1988,0
572,1989,0
572,1990,0
572,1991,0
572,1992,0
572,1993,0
572,1994,0
572,1995,0
572,1996,0
572,1997,0
572,1998,0
572,1999,0
572,2000,0
580,1960,0
580,1961,0
580,1962,0
580,1963,0
580,1964,0
580,1965,0
580,1966,0
580,1967,0
580,1968,0
580,1969,0
580,1970,0
580,1971,0
580,1972,0
580,1973,0
580,1974,0
580,1975,0
580,1976,0
580,1977,0
580,1978,0
580,1979,0
580,1980,0
580,1981,0
580,1982,0
580,1983,0
580,1984,0
580,1985,0
580,1986,0
580,1987,0
580,1988,0
580,1989,0
580,1990,0
580,1991,0
580,1992,0
580,1993,0
580,1994,0
580,1995,0
580,1996,0
580,1997,0
580,1998,0
580,1999,0
580,2000,0
581,1975,0
581,1976,0
581,1977,0
581,1978,0
581,1979,0
581,1980,0
581,1981,0
581,1982,0
581,1983,0
581,1984,0
581,1985,0
581,1986,0
581,1987,0
581,1988,0
581,1989,0
581,1990,0
581,1991,0
581,1992,0
581,1993,0
581,1994,0
581,1995,0
581,1996,0
581,1997,0
581,1998,0
581,1999,0
581,2000,0
590,1968,0
590,1969,0
590,1970,0
590,1971,0
590,1972,0
590,1973,0
590,1974,0
590,1975,0
590,1976,0
590,1977,0
590,1978,0
590,1979,0
590,1980,0
590,1981,0
590,1982,0
590,1983,0
590,1984,0
590,1985,0
590,1986,0
590,1987,0
590,1988,0
590,1989,0
590,1990,0
590,1991,0
590,1992,0
590,1993,0
590,1994,0
590,1995,0
590,1996,0
590,1997,0
590,1998,0
590,1999,0
590,2000,0
591,1975,0
591,1976,0
591,1977,0
591,1978,0
591,1979,0
591,1980,0
591,1981,0
591,1982,0
591,1983,0
591,1984,0
591,1985,0
591,1986,0
591,1987,0
591,1988,0
591,1989,0
591,1990,0
591,1991,0
591,1992,0
591,1993,0
591,1994,0
591,1995,0
591,1996,0
591,1997,0
591,1998,0
591,1999,0
591,2000,0
600,1956,0
600,1957,0
600,1958,0
600,1959,0
600,1960,0
600,1961,0
600,1962,0
600,1963,0
600,1964,0
600,1965,0
600,1966,0
600,1967,0
600,1968,0
600,1969,0
600,1970,0
600,1971,0
600,1972,0
600,1973,0
600,1974,0
600,1975,0
600,1976,0
600,1977,0
600,1978,0
600,1979,0
600,1980,0
600,1981,0
600,1982,0
600,1983,0
600,1984,0
600,1985,0
600,1986,0
600,1987,0
600,1988,0
600,1989,0
600,1990,0
600,1991,0
600,1992,0
600,1993,0
600,1994,0
600,1995,0
600,1996,0
600,1997,0
600,1998,0
600,1999,0
600,2000,0
615,1962,0
615,1963,0
615,1964,0
615,1965,0
615,1966,0
615,1967,0
615,1968,0
615,1969,0
615,1970,0
615,1971,0
615,1972,0
615,1973,0
615,1974,0
615,1975,0
615,1976,0
615,1977,0
615,1978,0
615,1979,0
615,1980,0
615,1981,0
615,1982,0
615,1983,1
615,1984,1
615,1985,1
615,1986,1
615,1987,1
615,1988,1
615,1989,1
615,1990,1
615,1991,1
615,1992,1
615,1993,1
615,1994,1
615,1995,1
615,1996,1
615,1997,1
615,1998,1
615,1999,1
615,2000,1
616,1956,0
616,1957,0
616,1958,0
616,1959,0
616,1960,0
616,1961,0
616,1962,0
616,1963,0
616,1964,0
616,1965,0
616,1966,0
616,1967,0
616,1968,0
616,1969,0
616,1970,0
616,1971,0
616,1972,0
616,1973,0
616,1974,0
616,1975,0
616,1976,0
616,1977,0
616,1978,0
616,1979,0
616,1980,0
616,1981,0
616,1982,0
616,1983,0
616,1984,0
616,1985,0
616,1986,0
616,1987,0
616,1988,0
616,1989,0
616,1990,0
616,1991,0
616,1992,0
616,1993,0
616,1994,0
616,1995,0
616,1996,0
616,1997,0
616,1998,0
616,1999,0
616,2000,0
620,1951,0
620,1952,0
620,1953,0
620,1954,0
620,1955,0
620,1956,0
620,1957,0
620,1958,0
620,1959,0
620,1960,0
620,1961,0
620,1962,0
620,1963,0
620,1964,0
620,1965,0
620,1966,0
620,1967,0
620,1968,0
620,1969,0
620,1970,2
620,1971,2
620,1972,2
620,1973,2
620,1974,2
620,1975,2
620,1976,2
620,1977,2
620,1978,2
620,1979,2
620,1980,2
620,1981,2
620,1982,2
620,1983,2
620,1984,2
620,1985,2
620,1986,2
620,1987,2
620,1988,2
620,1989,2
620,1990,2
620,1991,2
620,1992,2
620,1993,2
620,1994,2
620,1995,2
620,1996,2
620,1997,2
620,1998,2
620,1999,2
620,2000,2
625,1956,0
625,1957,0
625,1958,0
625,1959,0
625,1960,0
625,1961,0
625,1962,0
625,1963,0
625,1964,0
625,1965,0
625,1966,0
625,1967,0
625,1968,0
625,1969,0
625,1970,0
625,1971,0
625,1972,0
625,1973,0
625,1974,0
625,1975,0
625,1976,0
625,1977,0
625,1978,0
625,1979,0
625,1980,0
625,1981,0
625,1982,0
625,1983,0
625,1984,0
625,1985,0
625,1986,0
625,1987,0
625,1988,0
625,1989,0
625,1990,0
625,1991,0
625,1992,0
625,1993,0
625,1994,0
625,1995,0
625,1996,0
625,1997,0
625,1998,0
625,1999,0
625,2000,0
630,1945,0
630,1946,0
630,1947,0
630,1948,0
630,1949,0
630,1950,0
630,1951,0
630,1952,0
630,1953,0
630,1954,0
630,1955,0
630,1956,0
630,1957,0
630,1958,0
630,1959,0
630,1960,0
630,1961,0
630,1962,0
630,1963,0
630,1964,0
630,1965,0
630,1966,0
630,1967,0
630,1968,0
630,1969,0
630,1970,0
630,1971,0
630,1972,0
630,1973,0
630,1974,0
630,1975,0
630,1976,1
630,1977,1
630,1978,1
630,1979,1
630,1980,1
630,1981,1
630,1982,1
630,1983,1
630,1984,1
630,1985,2
630,1986,2
630,1987,2
630,1988,2
630,1989,2
630,1990,2
630,1991,2
630,1992,2
630,1993,2
630,1994,2
630,1995,2
630,1996,2
630,1997,2
630,1998,2
630,1999,2
630,2000,2
640,1945,0
640,1946,0
640,1947,0
640,1948,0
640,1949,0
640,1950,0
640,1951,0
640,1952,0
640,1953,0
640,1954,0
640,1955,0
640,1956,0
640,1957,0
640,1958,0
640,1959,0
640,1960,0
640,1961,0
640,1962,0
640,1963,0
640,1964,0
640,1965,0
640,1966,0
640,1967,0
640,1968,0
640,1969,0
640,1970,0
640,1971,0
640,1972,0
640,1973,0
640,1974,0
640,1975,0
640,1976,0
640,1977,0
640,1978,0
640,1979,0
640,1980,0
640,1981,0
640,1982,0
640,1983,0
640,1984,0
640,1985,0
640,1986,0
640,1987,0
640,1988,0
640,1989,0
640,1990,0
640,1991,0
640,1992,0
640,1993,0
640,1994,0
640,1995,0
640,1996,0
640,1997,0
640,1998,0
640,1999,0
640,2000,0
645,1945,0
645,1946,0
645,1947,0
645,1948,0
645,1949,0
645,1950,0
645,1951,0
645,1952,0
645,1953,0
645,1954,0
645,1955,0
645,1956,0
645,1957,0
645,1958,0
645,1959,0
645,1960,0
645,1961,0
645,1962,0
645,1963,0
645,1964,0
645,1965,0
645,1966,0
645,1967,0
645,1968,0
645,1969,0
645,1970,0
645,1971,0
645,1972,0
645,1973,0
645,1974,0
645,1975,0
645,1976,1
645,1977,1
645,1978,1
645,1979,1
645,1980,1
645,1981,1
645,1982,1
645,1983,2
645,1984,2
645,1985,2
645,1986,2
645,1987,2
645,1988,2
645,1989,2
645,1990,2
645,1991,2
645,1992,2
645,1993,2
645,1994,2
645,1995,2
645,1996,0
645,1997,0
645,1998,0
645,1999,0
645,2000,0
651,1945,0
651,1946,0
651,1947,0
651,1948,0
651,1949,0
651,1950,0
651,1951,0
651,1952,0
651,1953,0
651,1954,0
651,1955,0
651,1956,0
651,1957,0
651,1958,0
651,1959,0
651,1960,1
651,1961,1
651,1962,1
651,1963,1
651,1964,1
651,1965,2
651,1966,2
651,1967,2
651,1968,2
651,1969,2
651,1970,2
651,1971,2
651,1972,2
651,1973,2
651,1974,2
651,1975,0
651,1976,0
651,1977,0
651,1978,0
651,1979,0
651,1980,0
651,1981,0
651,1982,0
651,1983,0
651,1984,0
651,1985,0
651,1986,0
651,1987,0
651,1988,0
651,1989,0
651,1990,0
651,1991,0
651,1992,0
651,1993,0
651,1994,0
651,1995,0
651,1996,0
651,1997,0
651,1998,0
651,1999,0
651,2000,0
652,1946,0
652,1947,0
652,1948,0
652,1949,0
652,1950,0
652,1951,0
652,1952,0
652,1953,0
652,1954,0
652,1955,0
652,1956,0
652,1957,0
652,1958,0
652,1959,0
652,1960,0
652,1961,0
652,1962,0
652,1963,0
652,1964,0
652,1965,0
652,1966,0
652,1967,0
652,1968,0
652,1969,0
652,1970,0
652,1971,0
652,1972,0
652,1973,0
652,1974,0
652,1975,0
652,1976,0
652,1977,0
652,1978,0
652,1979,0
652,1980,0
652,1981,0
652,1982,0
652,1983,0
652,1984,0
652,1985,0
652,1986,0
652,1987,0
652,1988,0
652,1989,0
652,1990,0
652,1991,0
652,1992,0
652,1993,0
652,1994,0
652,1995,0
652,1996,0
652,1997,0
652,1998,0
652,1999,0
652,2000,2
660,1945,0
660,1946,0
660,1947,0
660,1948,0
660,1949,0
660,1950,0
660,1951,0
660,1952,0
660,1953,0
660,1954,0
660,1955,0
660,1956,0
660,1957,0
660,1958,0
660,1959,0
660,1960,0
660,1961,0
660,1962,0
660,1963,0
660,1964,0
660,1965,0
660,1966,0
660,1967,0
660,1968,0
660,1969,0
660,1970,0
660,1971,0
660,1972,0
660,1973,0
660,1974,0
660,1975,0
660,1976,0
660,1977,0
660,1978,0
660,1979,0
660,1980,0
660,1981,0
660,1982,0
660,1983,0
660,1984,0
660,1985,0
660,1986,0
660,1987,0
660,1988,0
660,1989,0
660,1990,0
660,1991,0
660,1992,0
660,1993,0
660,1994,0
660,1995,0
660,1996,0
660,1997,0
660,1998,0
660,1999,0
660,2000,0
663,1946,0
663,1947,0
663,1948,0
663,1949,0
663,1950,0
663,1951,0
663,1952,0
663,1953,0
663,1954,0
663,1955,0
663,1956,0
663,1957,0
663,1958,0
663,1959,0
663,1960,0
663,1961,0
663,1962,0
663,1963,0
663,1964,0
663,1965,0
663,1966,0
663,1967,0
663,1968,0
663,1969,0
663,1970,0
663,1971,0
663,1972,0
663,1973,0
663,1974,0
663,1975,0
663,1976,0
663,1977,0
663,1978,0
663,1979,0
663,1980,0
663,1981,0
663,1982,0
663,1983,0
663,1984,0
663,1985,0
663,1986,0
663,1987,0
663,1988,0
663,1989,0
663,1990,0
663,1991,0
663,1992,0
663,1993,0
663,1994,0
663,1995,0
663,1996,0
663,1997,0
663,1998,0
663,1999,0
663,2000,0
666,1948,0
666,1949,1
666,1950,1
666,1951,1
666,1952,1
666,1953,1
666,1954,1
666,1955,1
666,1956,1
666,1957,1
666,1958,2
666,1959,2
666,1960,2
666,1961,2
666,1962,2
666,1963,2
666,1964,2
666,1965,2
666,1966,2
666,1967,2
666,1968,2
666,1969,3
666,1970,3
666,1971,3
666,1972,3
666,1973,3
666,1974,3
666,1975,3
666,1976,3
666,1977,3
666,1978,3
666,1979,3
666,1980,3
666,1981,3
666,1982,3
666,1983,3
666,1984,3
666,1985,3
666,1986,3
666,1987,3
666,1988,3
666,1989,3
666,1990,3
666,1991,3
666,1992,3
666,1993,3
666,1994,3
666,1995,3
666,1996,3
666,1997,3
666,1998,3
666,1999,3
666,2000,3
670,1945,0
670,1946,0
670,1947,0
670,1948,0
670,1949,0
670,1950,0
670,1951,0
670,1952,0
670,1953,0
670,1954,0
670,1955,0
670,1956,0
670,1957,0
670,1958,0
670,1959,0
670,1960,0
670,1961,0
670,1962,0
670,1963,0
670,1964,0
670,1965,0
670,1966,0
670,1967,0
670,1968,0
670,1969,0
670,1970,0
670,1971,0
670,1972,0
670,1973,0
670,1974,0
670,1975,0
670,1976,0
670,1977,0
670,1978,0
670,1979,0
670,1980,0
670,1981,0
670,1982,0
670,1983,0
670,1984,0
670,1985,0
670,1986,0
670,1987,0
670,1988,0
670,1989,0
670,1990,0
670,1991,0
670,1992,0
670,1993,0
670,1994,0
670,1995,0
670,1996,0
670,1997,0
670,1998,0
670,1999,0
670,2000,0
678,1945,0
678,1946,0
678,1947,0
678,1948,0
678,1949,0
678,1950,0
678,1951,0
678,1952,0
678,1953,0
678,1954,0
678,1955,0
678,1956,0
678,1957,0
678,1958,0
678,1959,0
678,1960,0
678,1961,0
678,1962,0
678,1963,0
678,1964,0
678,1965,0
678,1966,0
678,1967,0
678,1968,0
678,1969,0
678,1970,0
678,1971,0
678,1972,0
678,1973,0
678,1974,0
678,1975,0
678,1976,0
678,1977,0
678,1978,0
678,1979,0
678,1980,0
678,1981,0
678,1982,0
678,1983,0
678,1984,0
678,1985,0
678,1986,0
678,1987,0
678,1988,0
678,1989,0
678,1990,0
680,1967,0
680,1968,0
680,1969,0
680,1970,0
680,1971,0
680,1972,0
680,1973,0
680,1974,0
680,1975,0
680,1976,0
680,1977,0
680,1978,0
680,1979,0
680,1980,0
680,1981,0
680,1982,0
680,1983,0
680,1984,0
680,1985,0
680,1986,0
680,1987,0
680,1988,0
680,1989,0
680,1990,0
690,1961,0
690,1962,0
690,1963,0
690,1964,0
690,1965,0
690,1966,0
690,1967,0
690,1968,0
690,1969,0
690,1970,0
690,1971,0
690,1972,0
690,1973,0
690,1974,0
690,1975,0
690,1976,0
690,1977,0
690,1978,0
690,1979,0
690,1980,0
690,1981,0
690,1982,0
690,1983,0
690,1984,0
690,1985,0
690,1986,0
690,1987,0
690,1988,0
690,1989,0
690,1990,0
690,1991,0
690,1992,0
690,1993,0
690,1994,0
690,1995,0
690,1996,0
690,1997,0
690,1998,0
690,1999,0
690,2000,0
692,1971,0
692,1972,0
692,1973,0
692,1974,0
692,1975,0
692,1976,0
692,1977,0
692,1978,0
692,1979,0
692,1980,0
692,1981,0
692,1982,0
692,1983,0
692,1984,0
692,1985,0
692,1986,0
692,1987,0
692,1988,0
692,1989,0
692,1990,0
692,1991,0
692,1992,0
692,1993,0
692,1994,0
692,1995,0
692,1996,0
692,1997,0
692,1998,0
692,1999,0
692,2000,0
694,1971,0
694,1972,0
694,1973,0
694,1974,0
694,1975,0
694,1976,0
694,1977,0
694,1978,0
694,1979,0
694,1980,0
694,1981,0
694,1982,0
694,1983,0
694,1984,0
694,1985,0
694,1986,0
694,1987,0
694,1988,0
694,1989,0
694,1990,0
694,1991,0
694,1992,0
694,1993,0
694,1994,0
694,1995,0
694,1996,0
694,1997,0
694,1998,0
694,1999,0
694,2000,0
696,1971,0
696,1972,0
696,1973,0
696,1974,0
696,1975,0
696,1976,0
696,1977,0
696,1978,0
696,1979,0
696,1980,0
696,1981,0
696,1982,0
696,1983,0
696,1984,0
696,1985,0
696,1986,0
696,1987,0
696,1988,0
696,1989,0
696,1990,0
696,1991,0
696,1992,0
696,1993,0
696,1994,0
696,1995,0
696,1996,0
696,1997,0
696,1998,0
696,1999,0
696,2000,0
698,1945,0
698,1946,0
698,1947,0
698,1948,0
698,1949,0
698,1950,0
698,1951,0
698,1952,0
698,1953,0
698,1954,0
698,1955,0
698,1956,0
698,1957,0
698,1958,0
698,1959,0
698,1960,0
698,1961,0
698,1962,0
698,1963,0
698,1964,0
698,1965,0
698,1966,0
698,1967,0
698,1968,0
698,1969,0
698,1970,0
698,1971,0
698,1972,0
698,1973,0
698,1974,0
698,1975,0
698,1976,0
698,1977,0
698,1978,0
698,1979,0
698,1980,0
698,1981,0
698,1982,0
698,1983,0
698,1984,0
698,1985,0
698,1986,0
698,1987,0
698,1988,0
698,1989,0
698,1990,0
698,1991,0
698,1992,0
698,1993,0
698,1994,0
698,1995,0
698,1996,0
698,1997,0
698,1998,0
698,1999,0
698,2000,0
700,1945,0
700,1946,0
700,1947,0
700,1948,0
700,1949,0
700,1950,0
700,1951,0
700,1952,0
700,1953,0
700,1954,0
700,1955,0
700,1956,0
700,1957,0
700,1958,0
700,1959,0
700,1960,0
700,1961,0
700,1962,0
700,1963,0
700,1964,0
700,1965,0
700,1966,0
700,1967,0
700,1968,0
700,1969,0
700,1970,0
700,1971,0
700,1972,0
700,1973,0
700,1974,0
700,1975,0
700,1976,0
700,1977,0
700,1978,0
700,1979,0
700,1980,0
700,1981,0
700,1982,0
700,1983,0
700,1984,0
700,1985,0
700,1986,0
700,1987,0
700,1988,0
700,1989,0
700,1990,0
700,1991,0
700,1992,0
700,1993,0
700,1994,0
700,1995,0
700,1996,0
700,1997,0
700,1998,0
700,1999,0
700,2000,0
701,1991,0
701,1992,0
701,1993,0
701,1994,0
701,1995,0
701,1996,0
701,1997,0
701,1998,0
701,1999,0
701,2000,0
702,1991,0
702,1992,0
702,1993,0
702,1994,0
702,1995,0
702,1996,0
702,1997,0
702,1998,0
702,1999,0
702,2000,0
703,1991,0
703,1992,0
703,1993,0
703,1994,0
703,1995,0
703,1996,0
703,1997,0
703,1998,0
703,1999,0
703,2000,0
704,1991,0
704,1992,0
704,1993,0
704,1994,0
704,1995,0
704,1996,0
704,1997,0
704,1998,0
704,1999,0
704,2000,0
705,1991,0
705,1992,0
705,1993,0
705,1994,0
705,1995,0
705,1996,0
705,1997,0
705,1998,0
705,1999,0
705,2000,0
710,1945,0
710,1946,0
710,1947,0
710,1948,0
710,1949,0
710,1950,0
710,1951,0
710,1952,0
710,1953,0
710,1954,0
710,1955,2
710,1956,2
710,1957,2
710,1958,2
710,1959,2
710,1960,2
710,1961,2
710,1962,2
710,1963,2
710,1964,3
710,1965,3
710,1966,3
710,1967,3
710,1968,3
710,1969,3
710,1970,3
710,1971,3
710,1972,3
710,1973,3
710,1974,3
710,1975,3
710,1976,3
710,1977,3
710,1978,3
710,1979,3
710,1980,3
710,1981,3
710,1982,3
710,1983,3
710,1984,3
710,1985,3
710,1986,3
710,1987,3
710,1988,3
710,1989,3
710,1990,3
710,1991,3
710,1992,3
710,1993,3
710,1994,3
710,1995,3
710,1996,3
710,1997,3
710,1998,3
710,1999,3
710,2000,3
712,1945,0
712,1946,0
712,1947,0
712,1948,0
712,1949,0
712,1950,0
712,1951,0
712,1952,0
712,1953,0
712,1954,0
712,1955,0
712,1956,0
712,1957,0
712,1958,0
712,1959,0
712,1960,0
712,1961,0
712,1962,0
712,1963,0
712,1964,0
712,1965,0
712,1966,0
712,1967,0
712,1968,0
712,1969,0
712,1970,0
712,1971,0
712,1972,0
712,1973,0
712,1974,0
712,1975,0
712,1976,0
712,1977,0
712,1978,0
712,1979,0
712,1980,0
712,1981,0
712,1982,0
712,1983,0
712,1984,0
712,1985,0
712,1986,0
712,1987,0
712,1988,0
712,1989,0
712,1990,0
712,1991,0
712,1992,0
712,1993,0
712,1994,0
712,1995,0
712,1996,0
712,1997,0
712,1998,0
712,1999,0
712,2000,0
713,1949,0
713,1950,0
713,1951,0
713,1952,0
713,1953,0
713,1954,0
713,1955,0
713,1956,0
713,1957,0
713,1958,0
713,1959,0
713,1960,0
713,1961,0
713,1962,0
713,1963,0
713,1964,0
713,1965,0
713,1966,0
713,1967,1
713,1968,1
713,1969,1
713,1970,1
713,1971,1
713,1972,1
713,1973,1
713,1974,1
713,1975,1
713,1976,1
713,1977,1
713,1978,0
713,1979,0
713,1980,0
713,1981,0
713,1982,0
713,1983,0
713,1984,0
713,1985,0
713,1986,0
713,1987,1
713,1988,1
731,1948,0
731,1949,0
731,1950,0
731,1951,0
731,1952,0
731,1953,0
731,1954,0
731,1955,0
731,1956,0
731,1957,0
731,1958,0
731,1959,0
731,1960,0
731,1961,0
731,1962,0
731,1963,0
731,1964,0
731,1965,1
731,1966,1
731,1967,1
731,1968,1
731,1969,1
731,1970,1
731,1971,1
731,1972,1
731,1973,1
731,1974,1
731,1975,1
731,1976,1
731,1977,1
731,1978,1
731,1979,1
731,1980,2
731,1981,2
731,1982,2
731,1983,2
731,1984,2
731,1985,2
731,1986,2
731,1987,2
731,1988,2
731,1989,2
731,1990,2
731,1991,2
731,1992,2
731,1993,2
731,1994,2
731,1995,2
731,1996,2
731,1997,2
731,1998,2
731,1999,2
731,2000,2
732,1948,0
732,1949,0
732,1950,0
732,1951,0
732,1952,0
732,1953,0
732,1954,0
732,1955,0
732,1956,0
732,1957,0
732,1958,0
732,1959,1
732,1960,1
732,1961,1
732,1962,1
732,1963,1
732,1964,1
732,1965,1
732,1966,1
732,1967,1
732,1968,1
732,1969,1
732,1970,2
732,1971,2
732,1972,2
732,1973,2
732,1974,2
732,1975,2
732,1976,2
732,1977,2
732,1978,2
732,1979,0
732,1980,0
732,1981,0
732,1982,0
732,1983,0
732,1984,0
732,1985,0
732,1986,0
732,1987,0
732,1988,0
732,1989,0
732,1990,0
732,1991,0
732,1992,0
732,1993,0
732,1994,0
732,1995,0
732,1996,0
732,1997,0
732,1998,0
732,1999,0
732,2000,0
740,1945,0
740,1946,0
740,1947,0
740,1948,0
740,1949,0
740,1950,0
740,1951,0
740,1952,0
740,1953,0
740,1954,0
740,1955,0
740,1956,0
740,1957,0
740,1958,0
740,1959,0
740,1960,0
740,1961,0
740,1962,0
740,1963,0
740,1964,0
740,1965,0
740,1966,0
740,1967,0
740,1968,0
740,1969,0
740,1970,0
740,1971,0
740,1972,0
740,1973,0
740,1974,0
740,1975,0
740,1976,0
740,1977,0
740,1978,0
740,1979,0
740,1980,0
740,1981,0
740,1982,0
740,1983,0
740,1984,0
740,1985,0
740,1986,0
740,1987,0
740,1988,0
740,1989,0
740,1990,0
740,1991,0
740,1992,0
740,1993,0
740,1994,0
740,1995,0
740,1996,0
740,1997,0
740,1998,0
740,1999,0
740,2000,0
750,1947,0
750,1948,0
750,1949,0
750,1950,0
750,1951,0
750,1952,0
750,1953,0
750,1954,1
750,1955,1
750,1956,1
750,1957,1
750,1958,1
750,1959,1
750,1960,1
750,1961,1
750,1962,1
750,1963,1
750,1964,2
750,1965,2
750,1966,2
750,1967,2
750,1968,2
750,1969,2
750,1970,2
750,1971,2
750,1972,2
750,1973,2
750,1974,2
750,1975,2
750,1976,2
750,1977,2
750,1978,2
750,1979,2
750,1980,2
750,1981,2
750,1982,2
750,1983,2
750,1984,2
750,1985,2
750,1986,2
750,1987,2
750,1988,3
750,1989,3
750,1990,3
750,1991,3
750,1992,3
750,1993,3
750,1994,3
750,1995,3
750,1996,3
750,1997,3
750,1998,3
750,1999,3
750,2000,3
760,1949,0
760,1950,0
760,1951,0
760,1952,0
760,1953,0
760,1954,0
760,1955,0
760,1956,0
760,1957,0
760,1958,0
760,1959,0
760,1960,0
760,1961,0
760,1962,0
760,1963,0
760,1964,0
760,1965,0
760,1966,0
760,1967,0
760,1968,0
760,1969,0
760,1970,0
760,1971,0
760,1972,0
760,1973,0
760,1974,0
760,1975,0
760,1976,0
760,1977,0
760,1978,0
760,1979,0
760,1980,0
760,1981,0
760,1982,0
760,1983,0
760,1984,0
760,1985,0
760,1986,0
760,1987,0
760,1988,0
760,1989,0
760,1990,0
760,1991,0
760,1992,0
760,1993,0
760,1994,0
760,1995,0
760,1996,0
760,1997,0
760,1998,0
760,1999,0
760,2000,0
770,1947,0
770,1948,0
770,1949,0
770,1950,0
770,1951,0
770,1952,0
770,1953,0
770,1954,0
770,1955,0
770,1956,0
770,1957,0
770,1958,0
770,1959,0
770,1960,0
770,1961,0
770,1962,0
770,1963,0
770,1964,0
770,1965,0
770,1966,0
770,1967,0
770,1968,0
770,1969,0
770,1970,0
770,1971,0
770,1972,2
770,1973,2
770,1974,2
770,1975,2
770,1976,2
770,1977,2
770,1978,2
770,1979,2
770,1980,2
770,1981,2
770,1982,2
770,1983,2
770,1984,2
770,1985,2
770,1986,2
770,1987,3
770,1988,3
770,1989,3
770,1990,3
770,1991,3
770,1992,3
770,1993,3
770,1994,3
770,1995,3
770,1996,3
770,1997,3
770,1998,3
770,1999,3
770,2000,3
771,1972,0
771,1973,0
771,1974,0
771,1975,0
771,1976,0
771,1977,0
771,1978,0
771,1979,0
771,1980,0
771,1981,0
771,1982,0
771,1983,0
771,1984,0
771,1985,0
771,1986,0
771,1987,0
771,1988,0
771,1989,0
771,1990,0
771,1991,0
771,1992,0
771,1993,0
771,1994,0
771,1995,0
771,1996,0
771,1997,0
771,1998,0
771,1999,0
771,2000,0
775,1948,0
775,1949,0
775,1950,0
775,1951,0
775,1952,0
775,1953,0
775,1954,0
775,1955,0
775,1956,0
775,1957,0
775,1958,0
775,1959,0
775,1960,0
775,1961,0
775,1962,0
775,1963,0
775,1964,0
775,1965,0
775,1966,0
775,1967,0
775,1968,0
775,1969,0
775,1970,0
775,1971,0
775,1972,0
775,1973,0
775,1974,0
775,1975,0
775,1976,0
775,1977,0
775,1978,0
775,1979,0
775,1980,0
775,1981,0
775,1982,0
775,1983,0
775,1984,0
775,1985,0
775,1986,0
775,1987,0
775,1988,0
775,1989,0
775,1990,0
775,1991,0
775,1992,0
775,1993,0
775,1994,0
775,1995,0
775,1996,0
775,1997,0
775,1998,0
775,1999,0
775,2000,0
780,1948,0
780,1949,0
780,1950,0
780,1951,0
780,1952,0
780,1953,0
780,1954,0
780,1955,0
780,1956,0
780,1957,0
780,1958,0
780,1959,0
780,1960,0
780,1961,0
780,1962,0
780,1963,0
780,1964,0
780,1965,0
780,1966,0
780,1967,0
780,1968,0
780,1969,0
780,1970,0
780,1971,0
780,1972,0
780,1973,0
780,1974,0
780,1975,0
780,1976,0
780,1977,0
780,1978,0
780,1979,0
780,1980,0
780,1981,0
780,1982,0
780,1983,0
780,1984,0
780,1985,0
780,1986,0
780,1987,0
780,1988,0
780,1989,0
780,1990,0
780,1991,0
780,1992,0
780,1993,0
780,1994,0
780,1995,0
780,1996,0
780,1997,0
780,1998,0
780,1999,0
780,2000,0
781,1965,0
781,1966,0
781,1967,0
781,1968,0
781,1969,0
781,1970,0
781,1971,0
781,1972,0
781,1973,0
781,1974,0
781,1975,0
781,1976,0
781,1977,0
781,1978,0
781,1979,0
781,1980,0
781,1981,0
781,1982,0
781,1983,0
781,1984,0
781,1985,0
781,1986,0
781,1987,0
781,1988,0
781,1989,0
781,1990,0
781,1991,0
781,1992,0
781,1993,0
781,1994,0
781,1995,0
781,1996,0
781,1997,0
790,1945,0
790,1946,0
790,1947,0
790,1948,0
790,1949,0
790,1950,0
790,1951,0
790,1952,0
790,1953,0
790,1954,0
790,1955,0
790,1956,0
790,1957,0
790,1958,0
790,1959,0
790,1960,0
790,1961,0
790,1962,0
790,1963,0
790,1964,0
790,1965,0
790,1966,0
790,1967,0
790,1968,0
790,1969,0
790,1970,0
790,1971,0
790,1972,0
790,1973,0
790,1974,0
790,1975,0
790,1976,0
790,1977,0
790,1978,0
790,1979,0
790,1980,0
790,1981,0
790,1982,0
790,1983,0
790,1984,0
790,1985,0
790,1986,0
790,1987,0
790,1988,0
790,1989,0
790,1990,0
790,1991,0
790,1992,0
790,1993,0
790,1994,0
790,1995,0
790,1996,0
790,1997,0
790,1998,0
790,1999,0
790,2000,0
800,1945,0
800,1946,0
800,1947,0
800,1948,0
800,1949,0
800,1950,0
800,1951,0
800,1952,0
800,1953,0
800,1954,0
800,1955,0
800,1956,0
800,1957,0
800,1958,0
800,1959,0
800,1960,0
800,1961,0
800,1962,0
800,1963,0
800,1964,0
800,1965,0
800,1966,0
800,1967,0
800,1968,0
800,1969,0
800,1970,0
800,1971,0
800,1972,0
800,1973,0
800,1974,0
800,1975,0
800,1976,0
800,1977,0
800,1978,0
800,1979,0
800,1980,0
800,1981,0
800,1982,0
800,1983,0
800,1984,0
800,1985,0
800,1986,0
800,1987,0
800,1988,0
800,1989,0
800,1990,0
800,1991,0
800,1992,0
800,1993,0
800,1994,0
800,1995,0
800,1996,0
800,1997,0
800,1998,0
800,1999,0
800,2000,0
811,1954,0
811,1955,0
811,1956,0
811,1957,0
811,1958,0
811,1959,0
811,1960,0
811,1961,0
811,1962,0
811,1963,0
811,1964,0
811,1965,0
811,1966,0
811,1967,0
811,1968,0
811,1969,0
811,1970,0
811,1971,0
811,1972,0
811,1973,0
811,1974,0
811,1975,0
811,1976,0
811,1977,0
811,1978,0
811,1979,0
811,1980,0
811,1981,0
811,1982,0
811,1983,0
811,1984,0
811,1985,0
811,1986,0
811,1987,0
811,1988,0
811,1989,0
811,1990,0
811,1991,0
811,1992,0
811,1993,0
811,1994,0
811,1995,0
811,1996,0
811,1997,0
811,1998,0
811,1999,0
811,2000,0
812,1954,0
812,1955,0
812,1956,0
812,1957,0
812,1958,0
812,1959,0
812,1960,0
812,1961,0
812,1962,0
812,1963,0
812,1964,0
812,1965,0
812,1966,0
812,1967,0
812,1968,0
812,1969,0
812,1970,0
812,1971,0
812,1972,0
812,1973,0
812,1974,0
812,1975,0
812,1976,0
812,1977,0
812,1978,0
812,1979,0
812,1980,0
812,1981,0
812,1982,0
812,1983,0
812,1984,0
812,1985,0
812,1986,0
812,1987,0
812,1988,0
812,1989,0
812,1990,0
812,1991,0
812,1992,0
812,1993,0
812,1994,0
812,1995,0
812,1996,0
812,1997,0
812,1998,0
812,1999,0
812,2000,0
816,1954,0
816,1955,0
816,1956,0
816,1957,0
816,1958,0
816,1959,0
816,1960,0
816,1961,0
816,1962,0
816,1963,0
816,1964,0
816,1965,0
816,1966,0
816,1967,0
816,1968,0
816,1969,0
816,1970,0
816,1971,0
816,1972,0
816,1973,0
816,1974,0
816,1975,0
816,1976,0
816,1977,0
816,1978,0
816,1979,0
816,1980,0
816,1981,0
816,1982,0
816,1983,0
816,1984,0
816,1985,0
816,1986,0
816,1987,0
816,1988,0
816,1989,0
816,1990,0
816,1991,0
816,1992,0
816,1993,0
816,1994,0
816,1995,0
816,1996,0
816,1997,0
816,1998,0
816,1999,0
816,2000,0
817,1954,0
817,1955,0
817,1956,0
817,1957,0
817,1958,0
817,1959,0
817,1960,0
817,1961,0
817,1962,0
817,1963,0
817,1964,0
817,1965,0
817,1966,0
817,1967,0
817,1968,0
817,1969,0
817,1970,0
817,1971,0
817,1972,0
817,1973,0
817,1974,0
817,1975,0
820,1957,0
820,1958,0
820,1959,0
820,1960,0
820,1961,0
820,1962,0
820,1963,0
820,1964,0
820,1965,0
820,1966,0
820,1967,0
820,1968,0
820,1969,0
820,1970,0
820,1971,0
820,1972,0
820,1973,0
820,1974,0
820,1975,0
820,1976,0
820,1977,0
820,1978,0
820,1979,0
820,1980,0
820,1981,0
820,1982,0
820,1983,0
820,1984,0
820,1985,0
820,1986,0
820,1987,0
820,1988,0
820,1989,0
820,1990,0
820,1991,0
820,1992,0
820,1993,0
820,1994,0
820,1995,0
820,1996,0
820,1997,0
820,1998,0
820,1999,0
820,2000,0
830,1965,0
830,1966,0
830,1967,0
830,1968,0
830,1969,0
830,1970,0
830,1971,0
830,1972,0
830,1973,0
830,1974,0
830,1975,0
830,1976,0
830,1977,0
830,1978,0
830,1979,0
830,1980,0
830,1981,0
830,1982,0
830,1983,0
830,1984,0
830,1985,0
830,1986,0
830,1987,0
830,1988,0
830,1989,0
830,1990,0
830,1991,0
830,1992,0
830,1993,0
830,1994,0
830,1995,0
830,1996,0
830,1997,0
830,1998,0
830,1999,0
830,2000,0
840,1946,0
840,1947,0
840,1948,0
840,1949,0
840,1950,0
840,1951,0
840,1952,0
840,1953,0
840,1954,0
840,1955,0
840,1956,0
840,1957,0
840,1958,0
840,1959,0
840,1960,0
840,1961,0
840,1962,0
840,1963,0
840,1964,0
840,1965,0
840,1966,0
840,1967,0
840,1968,0
840,1969,0
840,1970,0
840,1971,0
840,1972,0
840,1973,0
840,1974,0
840,1975,0
840,1976,0
840,1977,0
840,1978,0
840,1979,0
840,1980,0
840,1981,0
840,1982,0
840,1983,0
840,1984,0
840,1985,0
840,1986,0
840,1987,0
840,1988,0
840,1989,0
840,1990,0
840,1991,0
840,1992,0
840,1993,0
840,1994,0
840,1995,0
840,1996,0
840,1997,0
840,1998,0
840,1999,0
840,2000,0
850,1945,0
850,1946,0
850,1947,0
850,1948,0
850,1949,0
850,1950,0
850,1951,0
850,1952,0
850,1953,0
850,1954,0
850,1955,0
850,1956,0
850,1957,0
850,1958,0
850,1959,0
850,1960,0
850,1961,0
850,1962,0
850,1963,0
850,1964,0
850,1965,1
850,1966,1
850,1967,1
850,1968,0
850,1969,0
850,1970,0
850,1971,0
850,1972,0
850,1973,0
850,1974,0
850,1975,0
850,1976,0
850,1977,0
850,1978,0
850,1979,0
850,1980,0
850,1981,0
850,1982,0
850,1983,0
850,1984,0
850,1985,0
850,1986,0
850,1987,0
850,1988,0
850,1989,0
850,1990,0
850,1991,0
850,1992,0
850,1993,0
850,1994,0
850,1995,0
850,1996,0
850,1997,0
850,1998,0
850,1999,0
850,2000,0
900,1945,0
900,1946,0
900,1947,0
900,1948,0
900,1949,0
900,1950,0
900,1951,0
900,1952,0
900,1953,0
900,1954,0
900,1955,0
900,1956,1
900,1957,1
900,1958,1
900,1959,1
900,1960,1
900,1961,2
900,1962,2
900,1963,2
900,1964,2
900,1965,2
900,1966,2
900,1967,2
900,1968,2
900,1969,2
900,1970,2
900,1971,2
900,1972,2
900,1973,2
900,1974,0
900,1975,0
900,1976,0
900,1977,0
900,1978,0
900,1979,0
900,1980,0
900,1981,0
900,1982,0
900,1983,0
900,1984,0
900,1985,0
900,1986,0
900,1987,0
900,1988,0
900,1989,0
900,1990,0
900,1991,0
900,1992,0
900,1993,0
900,1994,0
900,1995,0
900,1996,0
900,1997,0
900,1998,0
900,1999,0
900,2000,0
910,1975,0
910,1976,0
910,1977,0
910,1978,0
910,1979,0
910,1980,0
910,1981,0
910,1982,0
910,1983,0
910,1984,0
910,1985,0
910,1986,0
910,1987,0
910,1988,0
910,1989,0
910,1990,0
910,1991,0
910,1992,0
910,1993,0
910,1994,0
910,1995,0
910,1996,0
910,1997,0
910,1998,0
910,1999,0
910,2000,0
920,1945,0
920,1946,0
920,1947,0
920,1948,0
920,1949,0
920,1950,0
920,1951,0
920,1952,0
920,1953,0
920,1954,0
920,1955,0
920,1956,0
920,1957,0
920,1958,0
920,1959,0
920,1960,0
920,1961,0
920,1962,0
920,1963,0
920,1964,0
920,1965,0
920,1966,0
920,1967,0
920,1968,0
920,1969,0
920,1970,0
920,1971,0
920,1972,0
920,1973,0
920,1974,0
920,1975,0
920,1976,0
920,1977,0
920,1978,0
920,1979,0
920,1980,0
920,1981,0
920,1982,0
920,1983,0
920,1984,0
920,1985,0
920,1986,0
920,1987,0
920,1988,0
920,1989,0
920,1990,0
920,1991,0
920,1992,0
920,1993,0
920,1994,0
920,1995,0
920,1996,0
920,1997,0
920,1998,0
920,1999,0
920,2000,0
935,1981,0
935,1982,0
935,1983,0
935,1984,0
935,1985,0
935,1986,0
935,1987,0
935,1988,0
935,1989,0
935,1990,0
935,1991,0
935,1992,0
935,1993,0
935,1994,0
935,1995,0
935,1996,0
935,1997,0
940,1978,0
940,1979,0
940,1980,0
940,1981,0
940,1982,0
940,1983,0
940,1984,0
940,1985,0
940,1986,0
940,1987,0
940,1988,0
940,1989,0
940,1990,0
940,1991,0
940,1992,0
940,1993,0
940,1994,0
940,1995,0
940,1996,0
940,1997,0
940,1998,0
940,1999,0
940,2000,0
950,1970,0
950,1971,0
950,1972,0
950,1973,0
950,1974,0
950,1975,0
950,1976,0
950,1977,0
950,1978,0
950,1979,0
950,1980,0
950,1981,0
950,1982,0
950,1983,0
950,1984,0
950,1985,0
950,1986,0
950,1987,0
950,1988,0
950,1989,0
950,1990,0
950,1991,0
950,1992,0
950,1993,0
950,1994,0
950,1995,0
950,1996,0
950,1997,0
950,1998,0
950,1999,0
950,2000,0
983,1991,0
983,1992,0
983,1993,0
983,1994,0
983,1995,0
983,1996,0
983,1997,0
986,1994,0
986,1995,0
986,1996,0
986,1997,0
986,1998,0
986,1999,0
986,2000,0
987,1991,0
987,1992,0
987,1993,0
987,1994,0
987,1995,0
987,1996,0
987,1997,0
990,1976,0
990,1977,0
990,1978,0
990,1979,0
990,1980,0
990,1981,0
990,1982,0
990,1983,0
990,1984,0
990,1985,0
990,1986,0
990,1987,0
990,1988,0
990,1989,0
990,1990,0
990,1991,0
990,1992,0
990,1993,0
990,1994,0
990,1995,0
990,1996,0
990,1997,0
